id,local,value
82,Alto_Parana,unique
83,Alto_Parana,unique
84,Alto_Parana,unique
206,Alto_Parana,unique
207,Alto_Parana,unique
208,Alto_Parana,unique
210,Alto_Parana,unique
211,Alto_Parana,unique
216,Alto_Parana,unique
217,Alto_Parana,unique
218,Alto_Parana,unique
329,Alto_Parana,unique
330,Alto_Parana,unique
331,Alto_Parana,unique
332,Alto_Parana,unique
333,Alto_Parana,unique
334,Alto_Parana,unique
335,Alto_Parana,unique
336,Alto_Parana,unique
340,Alto_Parana,unique
341,Alto_Parana,unique
342,Alto_Parana,unique
452,Alto_Parana,unique
453,Alto_Parana,unique
454,Alto_Parana,unique
455,Alto_Parana,unique
456,Alto_Parana,unique
457,Alto_Parana,unique
458,Alto_Parana,unique
459,Alto_Parana,unique
460,Alto_Parana,unique
461,Alto_Parana,unique
462,Alto_Parana,unique
463,Alto_Parana,unique
464,Alto_Parana,unique
465,Alto_Parana,unique
466,Alto_Parana,unique
574,Alto_Parana,unique
575,Alto_Parana,unique
576,Alto_Parana,unique
577,Alto_Parana,unique
578,Alto_Parana,unique
579,Alto_Parana,unique
580,Alto_Parana,unique
581,Alto_Parana,unique
582,Alto_Parana,unique
583,Alto_Parana,unique
584,Alto_Parana,unique
585,Alto_Parana,unique
586,Alto_Parana,unique
587,Alto_Parana,unique
588,Alto_Parana,unique
589,Alto_Parana,unique
590,Alto_Parana,unique
591,Alto_Parana,unique
592,Alto_Parana,unique
593,Alto_Parana,unique
594,Alto_Parana,unique
698,Alto_Parana,unique
699,Alto_Parana,unique
700,Alto_Parana,unique
701,Alto_Parana,unique
702,Alto_Parana,unique
703,Alto_Parana,unique
704,Alto_Parana,unique
705,Alto_Parana,unique
706,Alto_Parana,unique
707,Alto_Parana,unique
708,Alto_Parana,unique
709,Alto_Parana,unique
710,Alto_Parana,unique
711,Alto_Parana,unique
712,Alto_Parana,unique
713,Alto_Parana,unique
714,Alto_Parana,unique
715,Alto_Parana,unique
716,Alto_Parana,unique
717,Alto_Parana,unique
718,Alto_Parana,unique
719,Alto_Parana,unique
823,Alto_Parana,unique
824,Alto_Parana,unique
825,Alto_Parana,unique
826,Alto_Parana,unique
827,Alto_Parana,unique
828,Alto_Parana,unique
829,Alto_Parana,unique
830,Alto_Parana,unique
831,Alto_Parana,unique
832,Alto_Parana,unique
833,Alto_Parana,unique
834,Alto_Parana,unique
835,Alto_Parana,unique
836,Alto_Parana,unique
837,Alto_Parana,unique
838,Alto_Parana,unique
839,Alto_Parana,unique
840,Alto_Parana,unique
841,Alto_Parana,unique
842,Alto_Parana,unique
843,Alto_Parana,unique
844,Alto_Parana,unique
947,Alto_Parana,unique
948,Alto_Parana,unique
949,Alto_Parana,unique
950,Alto_Parana,unique
951,Alto_Parana,unique
952,Alto_Parana,unique
953,Alto_Parana,unique
954,Alto_Parana,unique
955,Alto_Parana,unique
956,Alto_Parana,unique
957,Alto_Parana,unique
958,Alto_Parana,unique
959,Alto_Parana,unique
960,Alto_Parana,unique
961,Alto_Parana,unique
962,Alto_Parana,unique
963,Alto_Parana,unique
964,Alto_Parana,unique
965,Alto_Parana,unique
966,Alto_Parana,unique
967,Alto_Parana,unique
968,Alto_Parana,unique
969,Alto_Parana,unique
970,Alto_Parana,unique
1068,Alto_Parana,unique
1069,Alto_Parana,unique
1070,Alto_Parana,unique
1071,Alto_Parana,unique
1072,Alto_Parana,unique
1073,Alto_Parana,unique
1074,Alto_Parana,unique
1075,Alto_Parana,unique
1076,Alto_Parana,unique
1077,Alto_Parana,unique
1078,Alto_Parana,unique
1079,Alto_Parana,unique
1080,Alto_Parana,unique
1081,Alto_Parana,unique
1082,Alto_Parana,unique
1083,Alto_Parana,unique
1084,Alto_Parana,unique
1085,Alto_Parana,unique
1086,Alto_Parana,unique
1087,Alto_Parana,unique
1088,Alto_Parana,unique
1089,Alto_Parana,unique
1090,Alto_Parana,unique
1091,Alto_Parana,unique
1092,Alto_Parana,unique
1093,Alto_Parana,unique
1094,Alto_Parana,unique
1098,Alto_Parana,unique
1099,Alto_Parana,unique
1190,Alto_Parana,unique
1191,Alto_Parana,unique
1192,Alto_Parana,unique
1193,Alto_Parana,unique
1194,Alto_Parana,unique
1195,Alto_Parana,unique
1196,Alto_Parana,unique
1197,Alto_Parana,unique
1198,Alto_Parana,unique
1199,Alto_Parana,unique
1200,Alto_Parana,unique
1201,Alto_Parana,unique
1202,Alto_Parana,unique
1203,Alto_Parana,unique
1204,Alto_Parana,unique
1205,Alto_Parana,unique
1206,Alto_Parana,unique
1207,Alto_Parana,unique
1208,Alto_Parana,unique
1209,Alto_Parana,unique
1210,Alto_Parana,unique
1211,Alto_Parana,unique
1212,Alto_Parana,unique
1213,Alto_Parana,unique
1214,Alto_Parana,unique
1215,Alto_Parana,unique
1216,Alto_Parana,unique
1217,Alto_Parana,unique
1218,Alto_Parana,unique
1222,Alto_Parana,unique
1223,Alto_Parana,unique
1314,Alto_Parana,unique
1315,Alto_Parana,unique
1316,Alto_Parana,unique
1317,Alto_Parana,unique
1318,Alto_Parana,unique
1319,Alto_Parana,unique
1320,Alto_Parana,unique
1321,Alto_Parana,unique
1322,Alto_Parana,unique
1323,Alto_Parana,unique
1324,Alto_Parana,unique
1325,Alto_Parana,unique
1326,Alto_Parana,unique
1327,Alto_Parana,unique
1328,Alto_Parana,unique
1329,Alto_Parana,unique
1330,Alto_Parana,unique
1331,Alto_Parana,unique
1332,Alto_Parana,unique
1333,Alto_Parana,unique
1334,Alto_Parana,unique
1335,Alto_Parana,unique
1336,Alto_Parana,unique
1337,Alto_Parana,unique
1338,Alto_Parana,unique
1339,Alto_Parana,unique
1340,Alto_Parana,unique
1341,Alto_Parana,unique
1342,Alto_Parana,unique
1343,Alto_Parana,unique
1346,Alto_Parana,unique
1347,Alto_Parana,unique
1439,Alto_Parana,unique
1440,Alto_Parana,unique
1441,Alto_Parana,unique
1442,Alto_Parana,unique
1443,Alto_Parana,unique
1444,Alto_Parana,unique
1445,Alto_Parana,unique
1446,Alto_Parana,unique
1447,Alto_Parana,unique
1448,Alto_Parana,unique
1449,Alto_Parana,unique
1450,Alto_Parana,unique
1451,Alto_Parana,unique
1452,Alto_Parana,unique
1453,Alto_Parana,unique
1454,Alto_Parana,unique
1455,Alto_Parana,unique
1456,Alto_Parana,unique
1457,Alto_Parana,unique
1458,Alto_Parana,unique
1459,Alto_Parana,dup
1459,Araucaria,dup
1460,Alto_Parana,dup
1460,Araucaria,dup
1461,Alto_Parana,dup
1461,Araucaria,dup
1462,Alto_Parana,unique
1463,Alto_Parana,unique
1464,Alto_Parana,unique
1465,Alto_Parana,unique
1466,Alto_Parana,unique
1467,Alto_Parana,unique
1470,Alto_Parana,unique
1471,Alto_Parana,unique
1564,Alto_Parana,unique
1565,Alto_Parana,unique
1566,Alto_Parana,unique
1567,Alto_Parana,unique
1568,Alto_Parana,unique
1569,Alto_Parana,unique
1570,Alto_Parana,unique
1571,Alto_Parana,unique
1572,Alto_Parana,unique
1573,Alto_Parana,unique
1574,Alto_Parana,unique
1575,Alto_Parana,unique
1576,Alto_Parana,unique
1577,Alto_Parana,unique
1578,Alto_Parana,unique
1579,Alto_Parana,unique
1580,Alto_Parana,unique
1581,Alto_Parana,unique
1582,Alto_Parana,dup
1582,Araucaria,dup
1583,Alto_Parana,dup
1583,Araucaria,dup
1584,Alto_Parana,dup
1584,Araucaria,dup
1585,Alto_Parana,dup
1585,Araucaria,dup
1586,Alto_Parana,unique
1587,Alto_Parana,unique
1588,Alto_Parana,unique
1589,Alto_Parana,unique
1590,Alto_Parana,unique
1591,Alto_Parana,unique
1592,Alto_Parana,unique
1594,Alto_Parana,unique
1595,Alto_Parana,unique
1597,Alto_Parana,unique
1688,Alto_Parana,unique
1689,Alto_Parana,unique
1690,Alto_Parana,unique
1691,Alto_Parana,unique
1692,Alto_Parana,unique
1693,Alto_Parana,unique
1694,Alto_Parana,unique
1695,Alto_Parana,unique
1696,Alto_Parana,unique
1697,Alto_Parana,unique
1698,Alto_Parana,unique
1699,Alto_Parana,unique
1700,Alto_Parana,dup
1700,Araucaria,dup
1701,Alto_Parana,dup
1701,Araucaria,dup
1702,Alto_Parana,dup
1702,Araucaria,dup
1703,Alto_Parana,unique
1704,Alto_Parana,dup
1704,Araucaria,dup
1705,Alto_Parana,dup
1705,Araucaria,dup
1706,Alto_Parana,dup
1706,Araucaria,dup
1707,Alto_Parana,dup
1707,Araucaria,dup
1708,Alto_Parana,dup
1708,Araucaria,dup
1709,Alto_Parana,unique
1710,Alto_Parana,dup
1710,Araucaria,dup
1711,Alto_Parana,dup
1711,Araucaria,dup
1712,Alto_Parana,dup
1712,Araucaria,dup
1713,Alto_Parana,unique
1714,Alto_Parana,unique
1715,Alto_Parana,unique
1716,Alto_Parana,unique
1719,Alto_Parana,unique
1720,Alto_Parana,unique
1721,Alto_Parana,unique
1813,Alto_Parana,unique
1814,Alto_Parana,unique
1815,Alto_Parana,unique
1816,Alto_Parana,unique
1817,Alto_Parana,unique
1818,Alto_Parana,unique
1819,Alto_Parana,unique
1820,Alto_Parana,unique
1821,Alto_Parana,unique
1822,Alto_Parana,unique
1823,Alto_Parana,dup
1823,Araucaria,dup
1824,Alto_Parana,dup
1824,Araucaria,dup
1825,Alto_Parana,dup
1825,Araucaria,dup
1826,Alto_Parana,dup
1826,Araucaria,dup
1827,Alto_Parana,unique
1828,Alto_Parana,dup
1828,Araucaria,dup
1829,Alto_Parana,dup
1829,Araucaria,dup
1830,Araucaria,unique
1831,Alto_Parana,dup
1831,Araucaria,dup
1832,Alto_Parana,unique
1833,Alto_Parana,unique
1834,Alto_Parana,dup
1834,Araucaria,dup
1835,Alto_Parana,dup
1835,Araucaria,dup
1836,Alto_Parana,dup
1836,Araucaria,dup
1837,Alto_Parana,unique
1838,Alto_Parana,unique
1839,Alto_Parana,unique
1842,Alto_Parana,unique
1843,Alto_Parana,unique
1844,Alto_Parana,unique
1845,Alto_Parana,unique
1846,Alto_Parana,unique
1937,Alto_Parana,unique
1938,Alto_Parana,unique
1939,Alto_Parana,unique
1940,Alto_Parana,unique
1941,Alto_Parana,unique
1942,Alto_Parana,unique
1943,Alto_Parana,unique
1944,Alto_Parana,unique
1945,Alto_Parana,unique
1946,Alto_Parana,unique
1947,Alto_Parana,dup
1947,Araucaria,dup
1948,Araucaria,unique
1949,Araucaria,unique
1950,Alto_Parana,dup
1950,Araucaria,dup
1951,Alto_Parana,unique
1952,Alto_Parana,dup
1952,Araucaria,dup
1953,Alto_Parana,dup
1953,Araucaria,dup
1954,Araucaria,unique
1955,Alto_Parana,dup
1955,Araucaria,dup
1956,Alto_Parana,dup
1956,Araucaria,dup
1957,Alto_Parana,unique
1958,Alto_Parana,dup
1958,Araucaria,dup
1959,Alto_Parana,dup
1959,Araucaria,dup
1962,Alto_Parana,unique
1963,Alto_Parana,unique
1966,Alto_Parana,unique
1967,Alto_Parana,unique
1968,Alto_Parana,unique
1969,Alto_Parana,unique
1970,Alto_Parana,unique
1984,Restingas,unique
2062,Alto_Parana,unique
2063,Alto_Parana,unique
2064,Alto_Parana,unique
2065,Alto_Parana,unique
2066,Alto_Parana,unique
2067,Alto_Parana,unique
2068,Alto_Parana,unique
2069,Alto_Parana,unique
2070,Alto_Parana,unique
2071,Alto_Parana,dup
2071,Araucaria,dup
2072,Alto_Parana,dup
2072,Araucaria,dup
2073,Araucaria,unique
2074,Alto_Parana,dup
2074,Araucaria,dup
2075,Alto_Parana,unique
2076,Alto_Parana,dup
2076,Araucaria,dup
2077,Araucaria,unique
2078,Araucaria,unique
2079,Araucaria,unique
2080,Alto_Parana,dup
2080,Araucaria,dup
2081,Alto_Parana,unique
2082,Alto_Parana,dup
2082,Araucaria,dup
2083,Alto_Parana,dup
2083,Araucaria,dup
2084,Alto_Parana,dup
2084,Araucaria,dup
2085,Araucaria,unique
2086,Araucaria,unique
2087,Araucaria,unique
2088,Araucaria,unique
2089,Alto_Parana,dup
2089,Araucaria,dup
2090,Alto_Parana,unique
2091,Alto_Parana,unique
2092,Alto_Parana,unique
2093,Alto_Parana,unique
2094,Alto_Parana,unique
2107,Restingas,unique
2108,Restingas,unique
2185,Alto_Parana,unique
2186,Alto_Parana,unique
2187,Alto_Parana,unique
2188,Alto_Parana,unique
2189,Alto_Parana,unique
2190,Alto_Parana,unique
2191,Alto_Parana,unique
2192,Alto_Parana,unique
2193,Alto_Parana,dup
2193,Araucaria,dup
2194,Alto_Parana,dup
2194,Araucaria,dup
2195,Alto_Parana,dup
2195,Araucaria,dup
2196,Alto_Parana,dup
2196,Araucaria,dup
2197,Araucaria,unique
2198,Alto_Parana,dup
2198,Araucaria,dup
2199,Alto_Parana,dup
2199,Araucaria,dup
2200,Alto_Parana,dup
2200,Araucaria,dup
2201,Alto_Parana,dup
2201,Araucaria,dup
2202,Araucaria,unique
2203,Alto_Parana,dup
2203,Araucaria,dup
2204,Alto_Parana,dup
2204,Araucaria,dup
2205,Alto_Parana,unique
2206,Alto_Parana,dup
2206,Araucaria,dup
2207,Alto_Parana,dup
2207,Araucaria,dup
2208,Araucaria,unique
2209,Araucaria,unique
2210,Araucaria,unique
2211,Araucaria,unique
2212,Alto_Parana,dup
2212,Araucaria,dup
2213,Alto_Parana,dup
2213,Araucaria,dup
2214,Alto_Parana,unique
2215,Alto_Parana,unique
2216,Alto_Parana,unique
2217,Alto_Parana,unique
2218,Alto_Parana,unique
2230,Restingas,unique
2231,Restingas,unique
2309,Alto_Parana,unique
2310,Alto_Parana,unique
2311,Alto_Parana,unique
2312,Alto_Parana,unique
2313,Alto_Parana,unique
2314,Alto_Parana,unique
2315,Alto_Parana,unique
2316,Alto_Parana,unique
2317,Alto_Parana,dup
2317,Araucaria,dup
2318,Araucaria,unique
2319,Alto_Parana,dup
2319,Araucaria,dup
2320,Alto_Parana,dup
2320,Araucaria,dup
2321,Alto_Parana,dup
2321,Araucaria,dup
2322,Araucaria,unique
2323,Alto_Parana,dup
2323,Araucaria,dup
2324,Alto_Parana,dup
2324,Araucaria,dup
2325,Alto_Parana,dup
2325,Araucaria,dup
2326,Araucaria,unique
2327,Araucaria,unique
2328,Alto_Parana,dup
2328,Araucaria,dup
2329,Alto_Parana,dup
2329,Araucaria,dup
2330,Alto_Parana,dup
2330,Araucaria,dup
2331,Alto_Parana,dup
2331,Araucaria,dup
2332,Araucaria,unique
2333,Araucaria,unique
2334,Araucaria,unique
2335,Araucaria,unique
2336,Alto_Parana,dup
2336,Araucaria,dup
2337,Alto_Parana,dup
2337,Araucaria,dup
2338,Alto_Parana,dup
2338,Araucaria,dup
2339,Alto_Parana,dup
2339,Araucaria,dup
2340,Alto_Parana,unique
2341,Alto_Parana,unique
2342,Alto_Parana,unique
2352,Restingas,unique
2353,Restingas,unique
2354,Restingas,unique
2433,Alto_Parana,unique
2434,Alto_Parana,unique
2435,Alto_Parana,unique
2436,Alto_Parana,unique
2437,Alto_Parana,unique
2438,Alto_Parana,unique
2439,Alto_Parana,unique
2440,Alto_Parana,dup
2440,Araucaria,dup
2441,Alto_Parana,dup
2441,Araucaria,dup
2442,Araucaria,unique
2443,Araucaria,unique
2444,Alto_Parana,dup
2444,Araucaria,dup
2445,Alto_Parana,dup
2445,Araucaria,dup
2446,Araucaria,unique
2447,Alto_Parana,dup
2447,Araucaria,dup
2448,Alto_Parana,dup
2448,Araucaria,dup
2449,Araucaria,unique
2450,Araucaria,unique
2451,Araucaria,unique
2452,Araucaria,unique
2453,Alto_Parana,dup
2453,Araucaria,dup
2454,Alto_Parana,dup
2454,Araucaria,dup
2455,Araucaria,unique
2456,Araucaria,unique
2458,Araucaria,unique
2459,Alto_Parana,dup
2459,Araucaria,dup
2460,Alto_Parana,dup
2460,Araucaria,dup
2461,Alto_Parana,dup
2461,Araucaria,dup
2462,Alto_Parana,dup
2462,Araucaria,dup
2463,Alto_Parana,dup
2463,Araucaria,dup
2464,Alto_Parana,unique
2465,Alto_Parana,unique
2466,Alto_Parana,unique
2474,Restingas,unique
2475,Restingas,unique
2476,Restingas,unique
2477,Restingas,unique
2556,Alto_Parana,unique
2557,Alto_Parana,unique
2558,Alto_Parana,unique
2559,Alto_Parana,unique
2560,Alto_Parana,unique
2561,Alto_Parana,unique
2562,Alto_Parana,unique
2563,Alto_Parana,unique
2564,Alto_Parana,unique
2565,Alto_Parana,dup
2565,Araucaria,dup
2566,Alto_Parana,dup
2566,Araucaria,dup
2567,Araucaria,unique
2568,Araucaria,unique
2569,Alto_Parana,dup
2569,Araucaria,dup
2570,Alto_Parana,dup
2570,Araucaria,dup
2571,Alto_Parana,dup
2571,Araucaria,dup
2572,Alto_Parana,dup
2572,Araucaria,dup
2573,Araucaria,unique
2574,Araucaria,unique
2575,Araucaria,unique
2576,Araucaria,unique
2577,Araucaria,unique
2578,Alto_Parana,dup
2578,Araucaria,dup
2579,Alto_Parana,dup
2579,Araucaria,dup
2580,Araucaria,unique
2581,Araucaria,unique
2582,Araucaria,unique
2583,Alto_Parana,dup
2583,Araucaria,dup
2584,Alto_Parana,dup
2584,Araucaria,dup
2585,Alto_Parana,dup
2585,Araucaria,dup
2586,Alto_Parana,dup
2586,Araucaria,dup
2587,Alto_Parana,dup
2587,Araucaria,dup
2588,Alto_Parana,unique
2589,Alto_Parana,unique
2590,Alto_Parana,unique
2597,Restingas,unique
2598,Restingas,unique
2599,Restingas,unique
2678,Alto_Parana,unique
2679,Alto_Parana,unique
2680,Alto_Parana,unique
2681,Alto_Parana,unique
2682,Alto_Parana,unique
2683,Alto_Parana,unique
2684,Alto_Parana,unique
2685,Alto_Parana,unique
2686,Alto_Parana,unique
2687,Alto_Parana,unique
2688,Alto_Parana,unique
2689,Alto_Parana,unique
2690,Alto_Parana,dup
2690,Araucaria,dup
2691,Araucaria,unique
2692,Araucaria,unique
2693,Araucaria,unique
2694,Araucaria,unique
2695,Araucaria,unique
2696,Araucaria,unique
2697,Araucaria,unique
2698,Araucaria,unique
2699,Araucaria,unique
2700,Araucaria,unique
2701,Araucaria,unique
2702,Alto_Parana,dup
2702,Araucaria,dup
2703,Alto_Parana,dup
2703,Araucaria,dup
2704,Araucaria,unique
2705,Araucaria,unique
2706,Araucaria,unique
2707,Araucaria,unique
2708,Alto_Parana,dup
2708,Araucaria,dup
2709,Alto_Parana,dup
2709,Araucaria,dup
2710,Alto_Parana,dup
2710,Araucaria,dup
2711,Alto_Parana,unique
2712,Alto_Parana,unique
2713,Alto_Parana,unique
2800,Alto_Parana,unique
2801,Alto_Parana,unique
2802,Alto_Parana,unique
2803,Alto_Parana,unique
2804,Alto_Parana,unique
2805,Alto_Parana,unique
2806,Alto_Parana,unique
2807,Alto_Parana,unique
2808,Alto_Parana,unique
2809,Alto_Parana,unique
2810,Alto_Parana,unique
2811,Alto_Parana,unique
2812,Alto_Parana,unique
2813,Alto_Parana,dup
2813,Araucaria,dup
2814,Alto_Parana,dup
2814,Araucaria,dup
2815,Alto_Parana,dup
2815,Araucaria,dup
2816,Alto_Parana,dup
2816,Araucaria,dup
2817,Araucaria,unique
2818,Araucaria,unique
2819,Araucaria,unique
2820,Araucaria,unique
2821,Araucaria,unique
2822,Araucaria,unique
2823,Araucaria,unique
2824,Araucaria,unique
2825,Araucaria,unique
2826,Araucaria,unique
2827,Araucaria,unique
2828,Araucaria,unique
2829,Araucaria,unique
2830,Araucaria,unique
2831,Araucaria,unique
2832,Alto_Parana,dup
2832,Araucaria,dup
2833,Alto_Parana,dup
2833,Araucaria,dup
2834,Alto_Parana,dup
2834,Araucaria,dup
2835,Alto_Parana,unique
2836,Alto_Parana,unique
2837,Alto_Parana,unique
2910,Alto_Parana,unique
2922,Alto_Parana,unique
2923,Alto_Parana,unique
2924,Alto_Parana,unique
2925,Alto_Parana,unique
2926,Alto_Parana,unique
2927,Alto_Parana,unique
2928,Alto_Parana,unique
2929,Alto_Parana,unique
2930,Alto_Parana,unique
2931,Alto_Parana,unique
2932,Alto_Parana,unique
2933,Alto_Parana,unique
2934,Alto_Parana,unique
2935,Alto_Parana,unique
2936,Alto_Parana,dup
2936,Araucaria,dup
2937,Alto_Parana,dup
2937,Araucaria,dup
2938,Alto_Parana,dup
2938,Araucaria,dup
2939,Araucaria,unique
2940,Araucaria,unique
2941,Araucaria,unique
2942,Araucaria,unique
2943,Araucaria,unique
2944,Araucaria,unique
2945,Araucaria,unique
2946,Araucaria,unique
2947,Araucaria,unique
2948,Araucaria,unique
2949,Araucaria,unique
2950,Araucaria,unique
2951,Araucaria,unique
2952,Araucaria,unique
2953,Araucaria,unique
2954,Araucaria,unique
2955,Araucaria,unique
2956,Alto_Parana,dup
2956,Araucaria,dup
2957,Alto_Parana,dup
2957,Araucaria,dup
2958,Alto_Parana,dup
2958,Araucaria,dup
2959,Alto_Parana,dup
2959,Araucaria,dup
2960,Alto_Parana,unique
3032,Alto_Parana,unique
3033,Alto_Parana,unique
3034,Alto_Parana,unique
3036,Alto_Parana,unique
3039,Alto_Parana,unique
3040,Alto_Parana,unique
3041,Alto_Parana,unique
3043,Alto_Parana,unique
3044,Alto_Parana,unique
3045,Alto_Parana,unique
3046,Alto_Parana,unique
3047,Alto_Parana,unique
3048,Alto_Parana,unique
3049,Alto_Parana,unique
3050,Alto_Parana,unique
3051,Alto_Parana,unique
3052,Alto_Parana,unique
3053,Alto_Parana,unique
3054,Alto_Parana,unique
3055,Alto_Parana,unique
3056,Alto_Parana,unique
3057,Alto_Parana,unique
3058,Alto_Parana,unique
3059,Alto_Parana,unique
3060,Alto_Parana,dup
3060,Araucaria,dup
3061,Araucaria,unique
3062,Araucaria,unique
3063,Araucaria,unique
3064,Araucaria,unique
3065,Araucaria,unique
3066,Araucaria,unique
3067,Araucaria,unique
3068,Araucaria,unique
3069,Araucaria,unique
3070,Araucaria,unique
3071,Araucaria,unique
3072,Araucaria,unique
3073,Araucaria,unique
3074,Araucaria,unique
3075,Araucaria,unique
3076,Araucaria,unique
3077,Araucaria,unique
3078,Araucaria,unique
3079,Araucaria,unique
3080,Alto_Parana,dup
3080,Araucaria,dup
3081,Alto_Parana,dup
3081,Araucaria,dup
3082,Alto_Parana,dup
3082,Araucaria,dup
3083,Alto_Parana,unique
3084,Alto_Parana,unique
3153,Alto_Parana,unique
3154,Alto_Parana,unique
3156,Alto_Parana,unique
3157,Alto_Parana,unique
3158,Alto_Parana,unique
3159,Alto_Parana,unique
3160,Alto_Parana,unique
3163,Alto_Parana,unique
3164,Alto_Parana,unique
3165,Alto_Parana,unique
3166,Alto_Parana,unique
3167,Alto_Parana,unique
3168,Alto_Parana,unique
3169,Alto_Parana,unique
3170,Alto_Parana,unique
3171,Alto_Parana,unique
3172,Alto_Parana,unique
3173,Alto_Parana,unique
3174,Alto_Parana,unique
3175,Alto_Parana,unique
3176,Alto_Parana,unique
3177,Alto_Parana,unique
3178,Alto_Parana,unique
3179,Alto_Parana,unique
3180,Alto_Parana,unique
3181,Alto_Parana,unique
3182,Alto_Parana,unique
3183,Alto_Parana,unique
3184,Alto_Parana,dup
3184,Araucaria,dup
3185,Araucaria,unique
3186,Araucaria,unique
3187,Araucaria,unique
3188,Araucaria,unique
3189,Araucaria,unique
3190,Araucaria,unique
3191,Araucaria,unique
3192,Araucaria,unique
3193,Araucaria,unique
3194,Araucaria,unique
3195,Araucaria,unique
3196,Araucaria,unique
3197,Araucaria,unique
3198,Araucaria,unique
3199,Araucaria,unique
3200,Araucaria,unique
3201,Araucaria,unique
3202,Araucaria,unique
3203,Araucaria,unique
3204,Alto_Parana,dup
3204,Araucaria,dup
3205,Alto_Parana,dup
3205,Araucaria,dup
3206,Alto_Parana,dup
3206,Araucaria,dup
3207,Alto_Parana,dup
3207,Araucaria,dup
3208,Alto_Parana,unique
3209,Alto_Parana,unique
3213,Restingas,unique
3214,Restingas,unique
3277,Alto_Parana,unique
3278,Alto_Parana,unique
3279,Alto_Parana,unique
3280,Alto_Parana,unique
3281,Alto_Parana,unique
3283,Alto_Parana,unique
3284,Alto_Parana,unique
3287,Alto_Parana,unique
3288,Alto_Parana,unique
3289,Alto_Parana,unique
3290,Alto_Parana,unique
3291,Alto_Parana,unique
3292,Alto_Parana,unique
3293,Alto_Parana,unique
3294,Alto_Parana,unique
3295,Alto_Parana,unique
3296,Alto_Parana,unique
3297,Alto_Parana,unique
3298,Alto_Parana,unique
3299,Alto_Parana,unique
3300,Alto_Parana,unique
3301,Alto_Parana,unique
3302,Alto_Parana,unique
3303,Alto_Parana,unique
3304,Alto_Parana,unique
3305,Alto_Parana,unique
3306,Alto_Parana,unique
3307,Alto_Parana,dup
3307,Araucaria,dup
3308,Alto_Parana,dup
3308,Araucaria,dup
3309,Araucaria,unique
3310,Araucaria,unique
3311,Araucaria,unique
3312,Araucaria,unique
3313,Araucaria,unique
3314,Araucaria,unique
3315,Araucaria,unique
3316,Araucaria,unique
3317,Araucaria,unique
3318,Araucaria,unique
3319,Araucaria,unique
3320,Araucaria,unique
3321,Araucaria,unique
3322,Araucaria,unique
3323,Araucaria,unique
3324,Araucaria,unique
3325,Araucaria,unique
3326,Araucaria,unique
3327,Araucaria,unique
3328,Araucaria,unique
3329,Araucaria,unique
3330,Araucaria,unique
3331,Alto_Parana,dup
3331,Araucaria,dup
3332,Alto_Parana,unique
3333,Alto_Parana,unique
3336,Restingas,unique
3337,Restingas,unique
3338,Restingas,unique
3401,Alto_Parana,unique
3402,Alto_Parana,unique
3403,Alto_Parana,unique
3404,Alto_Parana,unique
3405,Alto_Parana,unique
3407,Alto_Parana,unique
3408,Alto_Parana,unique
3410,Alto_Parana,unique
3411,Alto_Parana,unique
3412,Alto_Parana,unique
3413,Alto_Parana,unique
3414,Alto_Parana,unique
3416,Alto_Parana,unique
3417,Alto_Parana,unique
3418,Alto_Parana,unique
3419,Alto_Parana,unique
3420,Alto_Parana,unique
3421,Alto_Parana,unique
3422,Alto_Parana,unique
3423,Alto_Parana,unique
3424,Alto_Parana,unique
3425,Alto_Parana,unique
3426,Alto_Parana,unique
3427,Alto_Parana,unique
3428,Alto_Parana,unique
3429,Alto_Parana,unique
3430,Alto_Parana,unique
3431,Alto_Parana,unique
3432,Alto_Parana,dup
3432,Araucaria,dup
3433,Alto_Parana,dup
3433,Araucaria,dup
3434,Araucaria,unique
3435,Araucaria,unique
3436,Araucaria,unique
3437,Araucaria,unique
3438,Araucaria,unique
3439,Araucaria,unique
3440,Araucaria,unique
3441,Araucaria,unique
3442,Araucaria,unique
3443,Araucaria,unique
3444,Araucaria,unique
3445,Araucaria,unique
3446,Araucaria,unique
3447,Araucaria,unique
3448,Araucaria,unique
3449,Araucaria,unique
3450,Araucaria,unique
3451,Araucaria,unique
3452,Araucaria,unique
3453,Araucaria,unique
3454,Araucaria,unique
3455,Alto_Parana,dup
3455,Araucaria,dup
3456,Alto_Parana,dup
3456,Araucaria,dup
3457,Alto_Parana,unique
3458,Restingas,unique
3459,Restingas,unique
3460,Restingas,unique
3523,Alto_Parana,unique
3524,Alto_Parana,unique
3525,Alto_Parana,unique
3526,Alto_Parana,unique
3527,Alto_Parana,unique
3528,Alto_Parana,unique
3529,Alto_Parana,unique
3534,Alto_Parana,unique
3535,Alto_Parana,unique
3536,Alto_Parana,unique
3537,Alto_Parana,unique
3540,Alto_Parana,unique
3541,Alto_Parana,unique
3542,Alto_Parana,unique
3543,Alto_Parana,unique
3544,Alto_Parana,unique
3545,Alto_Parana,unique
3546,Alto_Parana,unique
3547,Alto_Parana,unique
3548,Alto_Parana,unique
3549,Alto_Parana,unique
3550,Alto_Parana,unique
3551,Alto_Parana,unique
3552,Alto_Parana,unique
3553,Alto_Parana,unique
3554,Alto_Parana,unique
3555,Alto_Parana,unique
3556,Alto_Parana,unique
3557,Alto_Parana,dup
3557,Araucaria,dup
3558,Alto_Parana,dup
3558,Araucaria,dup
3559,Araucaria,unique
3560,Araucaria,unique
3561,Araucaria,unique
3562,Araucaria,unique
3563,Araucaria,unique
3564,Araucaria,unique
3565,Araucaria,unique
3566,Araucaria,unique
3567,Araucaria,dup
3567,Serra_do_Mar,dup
3568,Araucaria,dup
3568,Serra_do_Mar,dup
3569,Araucaria,dup
3569,Serra_do_Mar,dup
3570,Araucaria,dup
3570,Serra_do_Mar,dup
3571,Araucaria,unique
3572,Araucaria,unique
3573,Araucaria,unique
3574,Araucaria,unique
3575,Araucaria,unique
3576,Araucaria,unique
3577,Araucaria,unique
3578,Araucaria,unique
3579,Araucaria,dup
3579,Serra_do_Mar,dup
3580,Alto_Parana,dup
3580,Araucaria,dup
3580,Restingas,dup
3580,Serra_do_Mar,dup
3581,Alto_Parana,dup
3581,Restingas,dup
3581,Serra_do_Mar,dup
3582,Restingas,unique
3583,Restingas,unique
3645,Alto_Parana,unique
3646,Alto_Parana,unique
3647,Alto_Parana,unique
3648,Alto_Parana,unique
3649,Alto_Parana,unique
3650,Alto_Parana,unique
3651,Alto_Parana,unique
3652,Alto_Parana,unique
3653,Alto_Parana,unique
3658,Alto_Parana,unique
3659,Alto_Parana,unique
3660,Alto_Parana,unique
3661,Alto_Parana,unique
3663,Alto_Parana,unique
3664,Alto_Parana,unique
3665,Alto_Parana,unique
3666,Alto_Parana,unique
3668,Alto_Parana,unique
3669,Alto_Parana,unique
3670,Alto_Parana,unique
3671,Alto_Parana,unique
3672,Alto_Parana,unique
3673,Alto_Parana,unique
3674,Alto_Parana,unique
3675,Alto_Parana,unique
3676,Alto_Parana,unique
3677,Alto_Parana,unique
3678,Alto_Parana,unique
3679,Alto_Parana,unique
3680,Alto_Parana,dup
3680,Araucaria,dup
3681,Alto_Parana,dup
3681,Araucaria,dup
3682,Alto_Parana,dup
3682,Araucaria,dup
3683,Araucaria,unique
3684,Araucaria,unique
3685,Araucaria,unique
3686,Araucaria,unique
3687,Araucaria,unique
3688,Araucaria,unique
3689,Araucaria,unique
3690,Araucaria,unique
3691,Araucaria,dup
3691,Serra_do_Mar,dup
3692,Araucaria,dup
3692,Serra_do_Mar,dup
3693,Araucaria,dup
3693,Serra_do_Mar,dup
3694,Araucaria,dup
3694,Serra_do_Mar,dup
3695,Araucaria,dup
3695,Serra_do_Mar,dup
3696,Araucaria,unique
3697,Araucaria,unique
3698,Araucaria,unique
3699,Araucaria,unique
3700,Araucaria,dup
3700,Serra_do_Mar,dup
3701,Araucaria,dup
3701,Serra_do_Mar,dup
3702,Araucaria,dup
3702,Restingas,dup
3702,Serra_do_Mar,dup
3703,Araucaria,dup
3703,Restingas,dup
3703,Serra_do_Mar,dup
3704,Restingas,dup
3704,Serra_do_Mar,dup
3769,Alto_Parana,unique
3770,Alto_Parana,unique
3771,Alto_Parana,unique
3772,Alto_Parana,unique
3773,Alto_Parana,unique
3774,Alto_Parana,unique
3775,Alto_Parana,unique
3776,Alto_Parana,unique
3777,Alto_Parana,unique
3781,Alto_Parana,unique
3782,Alto_Parana,unique
3783,Alto_Parana,unique
3784,Alto_Parana,unique
3785,Alto_Parana,unique
3787,Alto_Parana,unique
3788,Alto_Parana,unique
3789,Alto_Parana,unique
3790,Alto_Parana,unique
3792,Alto_Parana,unique
3793,Alto_Parana,unique
3794,Alto_Parana,unique
3795,Alto_Parana,unique
3796,Alto_Parana,unique
3797,Alto_Parana,unique
3798,Alto_Parana,unique
3799,Alto_Parana,unique
3800,Alto_Parana,unique
3801,Alto_Parana,unique
3802,Alto_Parana,unique
3803,Alto_Parana,unique
3804,Alto_Parana,dup
3804,Araucaria,dup
3805,Araucaria,unique
3806,Araucaria,unique
3807,Araucaria,unique
3808,Araucaria,unique
3809,Araucaria,unique
3810,Araucaria,unique
3811,Araucaria,unique
3812,Araucaria,unique
3813,Araucaria,unique
3814,Araucaria,unique
3815,Araucaria,dup
3815,Serra_do_Mar,dup
3816,Araucaria,dup
3816,Serra_do_Mar,dup
3817,Serra_do_Mar,unique
3818,Serra_do_Mar,unique
3819,Araucaria,dup
3819,Serra_do_Mar,dup
3820,Araucaria,dup
3820,Serra_do_Mar,dup
3821,Araucaria,unique
3822,Araucaria,unique
3823,Araucaria,dup
3823,Serra_do_Mar,dup
3824,Araucaria,dup
3824,Serra_do_Mar,dup
3825,Restingas,dup
3825,Serra_do_Mar,dup
3826,Restingas,dup
3826,Serra_do_Mar,dup
3827,Restingas,unique
3893,Alto_Parana,unique
3894,Alto_Parana,unique
3895,Alto_Parana,unique
3896,Alto_Parana,unique
3897,Alto_Parana,unique
3898,Alto_Parana,unique
3900,Alto_Parana,unique
3901,Alto_Parana,unique
3903,Alto_Parana,unique
3904,Alto_Parana,unique
3905,Alto_Parana,unique
3907,Alto_Parana,unique
3908,Alto_Parana,unique
3909,Alto_Parana,unique
3911,Alto_Parana,unique
3912,Alto_Parana,unique
3913,Alto_Parana,unique
3914,Alto_Parana,unique
3915,Alto_Parana,unique
3916,Alto_Parana,unique
3917,Alto_Parana,unique
3918,Alto_Parana,unique
3919,Alto_Parana,unique
3920,Alto_Parana,unique
3921,Alto_Parana,unique
3922,Alto_Parana,unique
3923,Alto_Parana,unique
3924,Alto_Parana,unique
3925,Alto_Parana,unique
3926,Alto_Parana,unique
3927,Alto_Parana,unique
3928,Alto_Parana,dup
3928,Araucaria,dup
3929,Araucaria,unique
3930,Araucaria,unique
3931,Araucaria,unique
3932,Araucaria,dup
3932,Serra_do_Mar,dup
3933,Araucaria,dup
3933,Serra_do_Mar,dup
3934,Araucaria,unique
3935,Araucaria,unique
3936,Araucaria,unique
3937,Araucaria,unique
3938,Araucaria,unique
3939,Araucaria,dup
3939,Serra_do_Mar,dup
3940,Araucaria,dup
3940,Serra_do_Mar,dup
3941,Serra_do_Mar,unique
3942,Araucaria,dup
3942,Serra_do_Mar,dup
3943,Araucaria,dup
3943,Serra_do_Mar,dup
3944,Araucaria,dup
3944,Serra_do_Mar,dup
3945,Araucaria,unique
3946,Araucaria,dup
3946,Serra_do_Mar,dup
3947,Araucaria,dup
3947,Serra_do_Mar,dup
3948,Serra_do_Mar,unique
3949,Restingas,dup
3949,Serra_do_Mar,dup
3950,Restingas,unique
4017,Alto_Parana,unique
4018,Alto_Parana,unique
4021,Alto_Parana,unique
4022,Alto_Parana,unique
4027,Alto_Parana,unique
4028,Alto_Parana,unique
4029,Alto_Parana,unique
4030,Alto_Parana,unique
4031,Alto_Parana,unique
4032,Alto_Parana,unique
4033,Alto_Parana,unique
4036,Alto_Parana,unique
4037,Alto_Parana,unique
4038,Alto_Parana,unique
4039,Alto_Parana,unique
4040,Alto_Parana,unique
4041,Alto_Parana,unique
4042,Alto_Parana,unique
4043,Alto_Parana,unique
4044,Alto_Parana,unique
4045,Alto_Parana,unique
4046,Alto_Parana,unique
4047,Alto_Parana,unique
4050,Alto_Parana,unique
4051,Alto_Parana,unique
4052,Alto_Parana,unique
4054,Araucaria,unique
4055,Araucaria,dup
4055,Serra_do_Mar,dup
4056,Araucaria,dup
4056,Serra_do_Mar,dup
4057,Araucaria,dup
4057,Serra_do_Mar,dup
4058,Araucaria,unique
4059,Araucaria,unique
4060,Araucaria,unique
4061,Araucaria,dup
4061,Serra_do_Mar,dup
4062,Araucaria,dup
4062,Serra_do_Mar,dup
4063,Araucaria,dup
4063,Serra_do_Mar,dup
4064,Serra_do_Mar,unique
4065,Serra_do_Mar,unique
4066,Araucaria,dup
4066,Serra_do_Mar,dup
4067,Araucaria,dup
4067,Serra_do_Mar,dup
4068,Araucaria,dup
4068,Serra_do_Mar,dup
4069,Araucaria,dup
4069,Serra_do_Mar,dup
4070,Araucaria,dup
4070,Serra_do_Mar,dup
4071,Serra_do_Mar,unique
4072,Serra_do_Mar,unique
4073,Restingas,dup
4073,Serra_do_Mar,dup
4141,Alto_Parana,unique
4153,Alto_Parana,unique
4154,Alto_Parana,unique
4155,Alto_Parana,unique
4156,Alto_Parana,unique
4162,Alto_Parana,unique
4163,Alto_Parana,unique
4164,Alto_Parana,unique
4165,Alto_Parana,unique
4166,Alto_Parana,unique
4167,Alto_Parana,unique
4168,Alto_Parana,unique
4169,Alto_Parana,unique
4170,Alto_Parana,unique
4171,Alto_Parana,unique
4175,Alto_Parana,unique
4176,Alto_Parana,unique
4177,Alto_Parana,unique
4178,Alto_Parana,dup
4178,Araucaria,dup
4179,Alto_Parana,dup
4179,Araucaria,dup
4179,Serra_do_Mar,dup
4180,Alto_Parana,dup
4180,Serra_do_Mar,dup
4181,Araucaria,dup
4181,Serra_do_Mar,dup
4182,Araucaria,dup
4182,Serra_do_Mar,dup
4183,Araucaria,dup
4183,Serra_do_Mar,dup
4184,Araucaria,dup
4184,Serra_do_Mar,dup
4185,Araucaria,dup
4185,Mangroves,dup
4185,Serra_do_Mar,dup
4186,Araucaria,dup
4186,Mangroves,dup
4186,Serra_do_Mar,dup
4187,Mangroves,dup
4187,Serra_do_Mar,dup
4188,Serra_do_Mar,unique
4189,Serra_do_Mar,unique
4190,Serra_do_Mar,unique
4191,Araucaria,dup
4191,Serra_do_Mar,dup
4192,Araucaria,dup
4192,Serra_do_Mar,dup
4193,Araucaria,dup
4193,Serra_do_Mar,dup
4194,Serra_do_Mar,unique
4195,Mangroves,dup
4195,Serra_do_Mar,dup
4196,Serra_do_Mar,unique
4277,Alto_Parana,unique
4278,Alto_Parana,unique
4279,Alto_Parana,unique
4280,Alto_Parana,unique
4287,Alto_Parana,unique
4288,Alto_Parana,unique
4289,Alto_Parana,unique
4290,Alto_Parana,unique
4291,Alto_Parana,unique
4293,Alto_Parana,unique
4294,Alto_Parana,unique
4295,Alto_Parana,unique
4296,Alto_Parana,unique
4297,Alto_Parana,unique
4298,Alto_Parana,unique
4299,Alto_Parana,unique
4300,Alto_Parana,unique
4301,Alto_Parana,unique
4302,Alto_Parana,dup
4302,Araucaria,dup
4303,Alto_Parana,dup
4303,Araucaria,dup
4303,Serra_do_Mar,dup
4304,Alto_Parana,dup
4304,Serra_do_Mar,dup
4305,Araucaria,dup
4305,Serra_do_Mar,dup
4306,Araucaria,dup
4306,Mangroves,dup
4306,Serra_do_Mar,dup
4307,Mangroves,dup
4307,Serra_do_Mar,dup
4308,Mangroves,dup
4308,Serra_do_Mar,dup
4309,Mangroves,dup
4309,Serra_do_Mar,dup
4310,Mangroves,dup
4310,Serra_do_Mar,dup
4311,Mangroves,dup
4311,Serra_do_Mar,dup
4312,Serra_do_Mar,unique
4313,Serra_do_Mar,unique
4314,Serra_do_Mar,unique
4315,Araucaria,dup
4315,Mangroves,dup
4315,Serra_do_Mar,dup
4316,Araucaria,dup
4316,Mangroves,dup
4316,Serra_do_Mar,dup
4317,Serra_do_Mar,unique
4318,Serra_do_Mar,unique
4319,Serra_do_Mar,unique
4402,Alto_Parana,unique
4403,Alto_Parana,unique
4404,Alto_Parana,unique
4413,Alto_Parana,unique
4414,Alto_Parana,unique
4415,Alto_Parana,unique
4418,Alto_Parana,unique
4419,Alto_Parana,unique
4421,Alto_Parana,unique
4422,Alto_Parana,unique
4423,Alto_Parana,unique
4424,Alto_Parana,unique
4425,Alto_Parana,dup
4425,Araucaria,dup
4426,Alto_Parana,dup
4426,Araucaria,dup
4426,Serra_do_Mar,dup
4427,Alto_Parana,dup
4427,Araucaria,dup
4427,Serra_do_Mar,dup
4428,Araucaria,dup
4428,Serra_do_Mar,dup
4429,Araucaria,dup
4429,Serra_do_Mar,dup
4430,Araucaria,dup
4430,Mangroves,dup
4430,Serra_do_Mar,dup
4431,Mangroves,dup
4431,Serra_do_Mar,dup
4432,Mangroves,dup
4432,Serra_do_Mar,dup
4433,Serra_do_Mar,unique
4434,Mangroves,dup
4434,Serra_do_Mar,dup
4438,Serra_do_Mar,unique
4439,Mangroves,dup
4439,Serra_do_Mar,dup
4440,Mangroves,dup
4440,Serra_do_Mar,dup
4527,Alto_Parana,unique
4528,Alto_Parana,unique
4529,Alto_Parana,unique
4545,Alto_Parana,dup
4545,Serra_do_Mar,dup
4546,Alto_Parana,dup
4546,Serra_do_Mar,dup
4547,Alto_Parana,dup
4547,Serra_do_Mar,dup
4548,Alto_Parana,unique
4549,Alto_Parana,dup
4549,Araucaria,dup
4550,Alto_Parana,dup
4550,Araucaria,dup
4550,Serra_do_Mar,dup
4551,Serra_do_Mar,unique
4552,Araucaria,dup
4552,Serra_do_Mar,dup
4553,Araucaria,dup
4553,Mangroves,dup
4553,Serra_do_Mar,dup
4554,Mangroves,dup
4554,Serra_do_Mar,dup
4555,Mangroves,dup
4555,Serra_do_Mar,dup
4652,Alto_Parana,unique
4653,Alto_Parana,unique
4668,Alto_Parana,unique
4669,Alto_Parana,dup
4669,Serra_do_Mar,dup
4670,Alto_Parana,dup
4670,Serra_do_Mar,dup
4671,Alto_Parana,dup
4671,Serra_do_Mar,dup
4672,Alto_Parana,unique
4673,Alto_Parana,dup
4673,Serra_do_Mar,dup
4674,Alto_Parana,dup
4674,Serra_do_Mar,dup
4675,Serra_do_Mar,unique
4676,Serra_do_Mar,unique
4677,Mangroves,dup
4677,Serra_do_Mar,dup
4678,Mangroves,dup
4678,Serra_do_Mar,dup
4788,Alto_Parana,unique
4790,Alto_Parana,unique
4791,Alto_Parana,unique
4792,Alto_Parana,dup
4792,Serra_do_Mar,dup
4793,Alto_Parana,dup
4793,Serra_do_Mar,dup
4794,Alto_Parana,unique
4795,Alto_Parana,unique
4796,Alto_Parana,dup
4796,Serra_do_Mar,dup
4797,Alto_Parana,dup
4797,Serra_do_Mar,dup
4798,Serra_do_Mar,unique
4799,Serra_do_Mar,unique
4800,Mangroves,dup
4800,Serra_do_Mar,dup
4801,Mangroves,dup
4801,Serra_do_Mar,dup
4910,Alto_Parana,unique
4911,Alto_Parana,unique
4912,Alto_Parana,unique
4913,Alto_Parana,unique
4914,Alto_Parana,unique
4915,Alto_Parana,unique
4916,Alto_Parana,unique
4917,Alto_Parana,unique
4918,Alto_Parana,unique
4919,Alto_Parana,dup
4919,Serra_do_Mar,dup
4920,Alto_Parana,dup
4920,Serra_do_Mar,dup
4921,Serra_do_Mar,unique
4922,Serra_do_Mar,unique
4923,Mangroves,dup
4923,Serra_do_Mar,dup
4924,Mangroves,dup
4924,Serra_do_Mar,dup
5033,Alto_Parana,unique
5034,Alto_Parana,unique
5035,Alto_Parana,unique
5036,Alto_Parana,unique
5037,Alto_Parana,unique
5038,Alto_Parana,unique
5039,Alto_Parana,unique
5040,Alto_Parana,unique
5041,Alto_Parana,dup
5041,Serra_do_Mar,dup
5042,Alto_Parana,dup
5042,Serra_do_Mar,dup
5043,Alto_Parana,dup
5043,Serra_do_Mar,dup
5044,Serra_do_Mar,unique
5045,Serra_do_Mar,unique
5046,Serra_do_Mar,unique
5047,Mangroves,dup
5047,Serra_do_Mar,dup
5048,Mangroves,unique
5155,Alto_Parana,unique
5156,Alto_Parana,unique
5157,Alto_Parana,unique
5158,Alto_Parana,unique
5159,Alto_Parana,unique
5160,Alto_Parana,unique
5161,Alto_Parana,unique
5163,Alto_Parana,dup
5163,Serra_do_Mar,dup
5164,Alto_Parana,dup
5164,Serra_do_Mar,dup
5165,Alto_Parana,dup
5165,Serra_do_Mar,dup
5166,Serra_do_Mar,unique
5167,Serra_do_Mar,unique
5168,Serra_do_Mar,unique
5169,Serra_do_Mar,unique
5170,Serra_do_Mar,unique
5171,Mangroves,dup
5171,Serra_do_Mar,dup
5280,Alto_Parana,unique
5281,Alto_Parana,unique
5282,Alto_Parana,unique
5283,Alto_Parana,unique
5284,Alto_Parana,unique
5285,Alto_Parana,unique
5286,Alto_Parana,dup
5286,Serra_do_Mar,dup
5287,Alto_Parana,dup
5287,Serra_do_Mar,dup
5288,Alto_Parana,dup
5288,Serra_do_Mar,dup
5289,Serra_do_Mar,unique
5290,Serra_do_Mar,unique
5291,Serra_do_Mar,unique
5292,Serra_do_Mar,unique
5293,Serra_do_Mar,unique
5294,Serra_do_Mar,unique
5404,Alto_Parana,unique
5405,Alto_Parana,unique
5406,Alto_Parana,unique
5407,Alto_Parana,unique
5408,Alto_Parana,unique
5409,Alto_Parana,unique
5410,Alto_Parana,dup
5410,Serra_do_Mar,dup
5411,Alto_Parana,dup
5411,Serra_do_Mar,dup
5412,Alto_Parana,dup
5412,Serra_do_Mar,dup
5413,Serra_do_Mar,unique
5414,Serra_do_Mar,unique
5415,Serra_do_Mar,unique
5416,Serra_do_Mar,unique
5417,Mangroves,dup
5417,Serra_do_Mar,dup
5522,Bahia_Interior,unique
5523,Bahia_Interior,unique
5529,Alto_Parana,unique
5530,Alto_Parana,unique
5531,Alto_Parana,unique
5532,Alto_Parana,unique
5533,Alto_Parana,unique
5534,Alto_Parana,unique
5535,Alto_Parana,unique
5536,Alto_Parana,dup
5536,Serra_do_Mar,dup
5537,Serra_do_Mar,unique
5538,Alto_Parana,dup
5538,Serra_do_Mar,dup
5539,Serra_do_Mar,unique
5540,Mangroves,dup
5540,Serra_do_Mar,dup
5541,Mangroves,dup
5541,Serra_do_Mar,dup
5644,Bahia_Interior,unique
5645,Bahia_Interior,unique
5646,Bahia_Interior,unique
5647,Bahia_Interior,unique
5650,Bahia_Interior,unique
5651,Bahia_Interior,unique
5653,Alto_Parana,unique
5654,Alto_Parana,unique
5655,Alto_Parana,unique
5656,Alto_Parana,unique
5657,Alto_Parana,unique
5658,Alto_Parana,unique
5659,Alto_Parana,unique
5660,Alto_Parana,dup
5660,Serra_do_Mar,dup
5661,Alto_Parana,dup
5661,Serra_do_Mar,dup
5662,Alto_Parana,dup
5662,Serra_do_Mar,dup
5663,Serra_do_Mar,unique
5664,Serra_do_Mar,unique
5769,Bahia_Interior,unique
5774,Bahia_Interior,unique
5775,Bahia_Interior,unique
5777,Alto_Parana,unique
5778,Alto_Parana,unique
5779,Alto_Parana,unique
5780,Alto_Parana,unique
5781,Alto_Parana,unique
5782,Alto_Parana,unique
5783,Alto_Parana,unique
5784,Alto_Parana,dup
5784,Serra_do_Mar,dup
5785,Alto_Parana,dup
5785,Serra_do_Mar,dup
5786,Alto_Parana,dup
5786,Serra_do_Mar,dup
5787,Serra_do_Mar,unique
5788,Serra_do_Mar,unique
5898,Bahia_Interior,unique
5899,Bahia_Interior,unique
5900,Bahia_Interior,unique
5901,Alto_Parana,dup
5901,Bahia_Interior,dup
5902,Alto_Parana,unique
5903,Alto_Parana,unique
5904,Alto_Parana,unique
5905,Alto_Parana,unique
5906,Alto_Parana,unique
5907,Alto_Parana,dup
5907,Serra_do_Mar,dup
5908,Alto_Parana,dup
5908,Serra_do_Mar,dup
5909,Alto_Parana,dup
5909,Serra_do_Mar,dup
5910,Serra_do_Mar,unique
5911,Serra_do_Mar,unique
5912,Serra_do_Mar,unique
5913,Serra_do_Mar,unique
6003,Atlantic_Dry,unique
6004,Atlantic_Dry,unique
6005,Atlantic_Dry,unique
6020,Bahia_Interior,unique
6021,Bahia_Interior,unique
6022,Bahia_Interior,unique
6023,Bahia_Interior,unique
6024,Bahia_Interior,unique
6025,Alto_Parana,dup
6025,Bahia_Interior,dup
6026,Alto_Parana,dup
6026,Bahia_Interior,dup
6027,Alto_Parana,unique
6028,Alto_Parana,unique
6029,Alto_Parana,unique
6030,Alto_Parana,unique
6031,Alto_Parana,dup
6031,Serra_do_Mar,dup
6032,Alto_Parana,dup
6032,Serra_do_Mar,dup
6033,Serra_do_Mar,unique
6034,Serra_do_Mar,unique
6035,Serra_do_Mar,unique
6036,Serra_do_Mar,unique
6037,Serra_do_Mar,unique
6106,Atlantic_Dry,unique
6107,Atlantic_Dry,unique
6108,Atlantic_Dry,unique
6109,Atlantic_Dry,unique
6127,Atlantic_Dry,unique
6128,Atlantic_Dry,unique
6129,Atlantic_Dry,unique
6130,Atlantic_Dry,unique
6131,Atlantic_Dry,unique
6132,Atlantic_Dry,unique
6133,Atlantic_Dry,unique
6143,Bahia_Interior,unique
6144,Bahia_Interior,unique
6145,Bahia_Interior,unique
6146,Bahia_Interior,unique
6147,Bahia_Interior,unique
6148,Bahia_Interior,unique
6149,Bahia_Interior,unique
6150,Alto_Parana,dup
6150,Bahia_Interior,dup
6151,Alto_Parana,unique
6152,Alto_Parana,unique
6153,Alto_Parana,unique
6155,Alto_Parana,dup
6155,Serra_do_Mar,dup
6156,Alto_Parana,dup
6156,Serra_do_Mar,dup
6157,Serra_do_Mar,unique
6158,Serra_do_Mar,unique
6159,Serra_do_Mar,unique
6229,Atlantic_Dry,unique
6230,Atlantic_Dry,unique
6231,Atlantic_Dry,unique
6232,Atlantic_Dry,unique
6233,Atlantic_Dry,unique
6241,Atlantic_Dry,unique
6242,Atlantic_Dry,unique
6243,Atlantic_Dry,unique
6245,Atlantic_Dry,unique
6246,Atlantic_Dry,unique
6247,Atlantic_Dry,unique
6251,Atlantic_Dry,unique
6252,Atlantic_Dry,unique
6253,Atlantic_Dry,unique
6254,Atlantic_Dry,unique
6255,Atlantic_Dry,unique
6256,Atlantic_Dry,unique
6257,Atlantic_Dry,unique
6267,Bahia_Interior,unique
6268,Bahia_Interior,unique
6269,Bahia_Interior,unique
6270,Bahia_Interior,unique
6271,Bahia_Interior,unique
6272,Bahia_Interior,unique
6273,Bahia_Interior,unique
6274,Bahia_Interior,unique
6275,Alto_Parana,unique
6276,Alto_Parana,unique
6277,Alto_Parana,unique
6278,Alto_Parana,dup
6278,Serra_do_Mar,dup
6279,Alto_Parana,dup
6279,Serra_do_Mar,dup
6280,Serra_do_Mar,unique
6281,Mangroves,dup
6281,Serra_do_Mar,dup
6282,Mangroves,dup
6282,Serra_do_Mar,dup
6283,Serra_do_Mar,unique
6346,Atlantic_Dry,unique
6351,Atlantic_Dry,unique
6352,Atlantic_Dry,unique
6353,Atlantic_Dry,unique
6354,Atlantic_Dry,unique
6355,Atlantic_Dry,unique
6356,Atlantic_Dry,unique
6357,Atlantic_Dry,unique
6361,Atlantic_Dry,unique
6363,Atlantic_Dry,unique
6364,Atlantic_Dry,unique
6365,Atlantic_Dry,unique
6366,Atlantic_Dry,unique
6367,Atlantic_Dry,unique
6368,Atlantic_Dry,unique
6369,Atlantic_Dry,unique
6370,Atlantic_Dry,unique
6371,Atlantic_Dry,unique
6372,Atlantic_Dry,unique
6373,Atlantic_Dry,unique
6374,Atlantic_Dry,unique
6375,Atlantic_Dry,unique
6376,Atlantic_Dry,unique
6392,Bahia_Interior,unique
6393,Bahia_Interior,unique
6394,Bahia_Interior,unique
6395,Bahia_Interior,unique
6396,Bahia_Interior,unique
6397,Bahia_Interior,unique
6398,Bahia_Interior,unique
6400,Alto_Parana,unique
6401,Alto_Parana,dup
6401,Bahia_Interior,dup
6402,Alto_Parana,dup
6402,Bahia_Interior,dup
6402,Serra_do_Mar,dup
6403,Alto_Parana,dup
6403,Serra_do_Mar,dup
6404,Alto_Parana,dup
6404,Serra_do_Mar,dup
6405,Mangroves,dup
6405,Serra_do_Mar,dup
6406,Serra_do_Mar,unique
6467,Atlantic_Dry,unique
6468,Atlantic_Dry,unique
6469,Atlantic_Dry,unique
6470,Atlantic_Dry,unique
6471,Atlantic_Dry,unique
6474,Atlantic_Dry,unique
6475,Atlantic_Dry,unique
6476,Atlantic_Dry,unique
6477,Atlantic_Dry,unique
6478,Atlantic_Dry,unique
6479,Atlantic_Dry,unique
6480,Atlantic_Dry,unique
6481,Atlantic_Dry,unique
6484,Atlantic_Dry,unique
6485,Atlantic_Dry,unique
6486,Atlantic_Dry,unique
6487,Atlantic_Dry,unique
6488,Atlantic_Dry,unique
6489,Atlantic_Dry,unique
6490,Atlantic_Dry,unique
6491,Atlantic_Dry,unique
6492,Atlantic_Dry,unique
6493,Atlantic_Dry,unique
6494,Atlantic_Dry,unique
6495,Atlantic_Dry,unique
6496,Atlantic_Dry,unique
6497,Atlantic_Dry,unique
6498,Atlantic_Dry,unique
6499,Atlantic_Dry,unique
6500,Atlantic_Dry,unique
6501,Atlantic_Dry,unique
6502,Atlantic_Dry,unique
6509,Bahia_Interior,unique
6510,Bahia_Interior,unique
6511,Bahia_Interior,unique
6517,Bahia_Interior,unique
6518,Bahia_Interior,unique
6519,Bahia_Interior,unique
6520,Bahia_Interior,unique
6521,Bahia_Interior,unique
6524,Bahia_Interior,unique
6525,Bahia_Interior,dup
6525,Serra_do_Mar,dup
6526,Alto_Parana,dup
6526,Bahia_Interior,dup
6526,Serra_do_Mar,dup
6527,Alto_Parana,dup
6527,Serra_do_Mar,dup
6528,Alto_Parana,dup
6528,Serra_do_Mar,dup
6529,Mangroves,dup
6529,Serra_do_Mar,dup
6530,Serra_do_Mar,unique
6590,Atlantic_Dry,unique
6591,Atlantic_Dry,unique
6592,Atlantic_Dry,unique
6593,Atlantic_Dry,unique
6594,Atlantic_Dry,unique
6595,Atlantic_Dry,unique
6596,Atlantic_Dry,unique
6597,Atlantic_Dry,unique
6598,Atlantic_Dry,unique
6599,Atlantic_Dry,unique
6600,Atlantic_Dry,unique
6601,Atlantic_Dry,unique
6602,Atlantic_Dry,unique
6603,Atlantic_Dry,unique
6604,Atlantic_Dry,unique
6605,Atlantic_Dry,unique
6606,Atlantic_Dry,unique
6607,Atlantic_Dry,unique
6608,Atlantic_Dry,unique
6609,Atlantic_Dry,unique
6610,Atlantic_Dry,unique
6611,Atlantic_Dry,unique
6612,Atlantic_Dry,unique
6613,Atlantic_Dry,unique
6615,Atlantic_Dry,unique
6616,Atlantic_Dry,unique
6617,Atlantic_Dry,unique
6618,Atlantic_Dry,unique
6619,Atlantic_Dry,unique
6620,Atlantic_Dry,unique
6621,Atlantic_Dry,unique
6622,Atlantic_Dry,unique
6623,Atlantic_Dry,unique
6624,Atlantic_Dry,unique
6625,Atlantic_Dry,unique
6626,Atlantic_Dry,unique
6627,Atlantic_Dry,unique
6628,Atlantic_Dry,unique
6630,Bahia_Interior,unique
6631,Bahia_Interior,unique
6632,Bahia_Interior,unique
6633,Bahia_Interior,unique
6634,Bahia_Interior,unique
6635,Bahia_Interior,unique
6636,Bahia_Interior,unique
6637,Bahia_Interior,unique
6640,Bahia_Interior,unique
6641,Bahia_Interior,unique
6642,Bahia_Interior,unique
6643,Bahia_Interior,unique
6644,Bahia_Interior,unique
6645,Bahia_Interior,unique
6646,Bahia_Interior,unique
6647,Bahia_Interior,unique
6648,Bahia_Interior,unique
6649,Alto_Parana,dup
6649,Bahia_Interior,dup
6650,Alto_Parana,dup
6650,Bahia_Interior,dup
6651,Alto_Parana,dup
6651,Serra_do_Mar,dup
6652,Alto_Parana,dup
6652,Serra_do_Mar,dup
6653,Serra_do_Mar,unique
6654,Serra_do_Mar,unique
6714,Atlantic_Dry,unique
6715,Atlantic_Dry,unique
6716,Atlantic_Dry,unique
6717,Atlantic_Dry,unique
6718,Atlantic_Dry,unique
6719,Atlantic_Dry,unique
6720,Atlantic_Dry,unique
6721,Atlantic_Dry,unique
6722,Atlantic_Dry,unique
6724,Atlantic_Dry,unique
6725,Atlantic_Dry,unique
6726,Atlantic_Dry,unique
6727,Atlantic_Dry,unique
6728,Atlantic_Dry,unique
6729,Atlantic_Dry,unique
6730,Atlantic_Dry,unique
6731,Atlantic_Dry,unique
6732,Atlantic_Dry,unique
6733,Atlantic_Dry,unique
6734,Atlantic_Dry,unique
6735,Atlantic_Dry,unique
6736,Atlantic_Dry,unique
6737,Atlantic_Dry,unique
6738,Atlantic_Dry,unique
6739,Atlantic_Dry,unique
6740,Atlantic_Dry,unique
6741,Atlantic_Dry,unique
6742,Atlantic_Dry,unique
6743,Atlantic_Dry,unique
6744,Atlantic_Dry,unique
6745,Atlantic_Dry,unique
6746,Atlantic_Dry,unique
6747,Atlantic_Dry,unique
6748,Atlantic_Dry,unique
6749,Atlantic_Dry,unique
6750,Atlantic_Dry,unique
6751,Atlantic_Dry,unique
6752,Atlantic_Dry,unique
6754,Bahia_Interior,unique
6755,Bahia_Interior,unique
6756,Bahia_Interior,unique
6757,Bahia_Interior,unique
6759,Bahia_Interior,unique
6760,Bahia_Interior,unique
6761,Bahia_Interior,unique
6762,Bahia_Interior,unique
6764,Bahia_Interior,unique
6765,Bahia_Interior,unique
6766,Bahia_Interior,unique
6767,Bahia_Interior,unique
6768,Bahia_Interior,unique
6769,Bahia_Interior,unique
6770,Bahia_Interior,unique
6771,Bahia_Interior,unique
6772,Bahia_Interior,unique
6773,Alto_Parana,dup
6773,Bahia_Interior,dup
6774,Alto_Parana,dup
6774,Serra_do_Mar,dup
6775,Alto_Parana,dup
6775,Serra_do_Mar,dup
6776,Serra_do_Mar,unique
6777,Mangroves,dup
6777,Serra_do_Mar,dup
6838,Atlantic_Dry,unique
6839,Atlantic_Dry,unique
6840,Atlantic_Dry,unique
6841,Atlantic_Dry,unique
6842,Atlantic_Dry,unique
6843,Atlantic_Dry,unique
6844,Atlantic_Dry,unique
6845,Atlantic_Dry,unique
6848,Atlantic_Dry,unique
6849,Atlantic_Dry,unique
6850,Atlantic_Dry,unique
6851,Atlantic_Dry,unique
6852,Atlantic_Dry,unique
6853,Atlantic_Dry,unique
6854,Atlantic_Dry,unique
6855,Atlantic_Dry,unique
6856,Atlantic_Dry,unique
6857,Atlantic_Dry,unique
6858,Atlantic_Dry,unique
6859,Atlantic_Dry,unique
6860,Atlantic_Dry,unique
6861,Atlantic_Dry,unique
6862,Atlantic_Dry,unique
6863,Atlantic_Dry,unique
6864,Atlantic_Dry,unique
6865,Atlantic_Dry,unique
6866,Atlantic_Dry,unique
6867,Atlantic_Dry,unique
6868,Atlantic_Dry,unique
6869,Atlantic_Dry,unique
6870,Atlantic_Dry,unique
6871,Atlantic_Dry,unique
6872,Atlantic_Dry,unique
6873,Atlantic_Dry,unique
6874,Atlantic_Dry,unique
6875,Atlantic_Dry,unique
6882,Bahia_Interior,unique
6883,Bahia_Interior,unique
6884,Bahia_Interior,unique
6885,Bahia_Interior,unique
6886,Bahia_Interior,unique
6887,Bahia_Interior,unique
6888,Bahia_Interior,unique
6889,Bahia_Interior,unique
6890,Bahia_Interior,unique
6891,Bahia_Interior,unique
6892,Bahia_Interior,unique
6893,Bahia_Interior,unique
6894,Bahia_Interior,unique
6895,Bahia_Interior,unique
6896,Bahia_Interior,unique
6897,Alto_Parana,dup
6897,Bahia_Interior,dup
6898,Alto_Parana,dup
6898,Serra_do_Mar,dup
6899,Serra_do_Mar,unique
6900,Serra_do_Mar,unique
6901,Serra_do_Mar,unique
6962,Atlantic_Dry,unique
6963,Atlantic_Dry,unique
6968,Atlantic_Dry,unique
6969,Atlantic_Dry,unique
6977,Atlantic_Dry,unique
6978,Atlantic_Dry,unique
6979,Atlantic_Dry,unique
6980,Atlantic_Dry,unique
6981,Atlantic_Dry,unique
6982,Atlantic_Dry,unique
6983,Atlantic_Dry,unique
6984,Atlantic_Dry,unique
6985,Atlantic_Dry,unique
6986,Atlantic_Dry,unique
6987,Atlantic_Dry,unique
6988,Atlantic_Dry,unique
6991,Atlantic_Dry,unique
6992,Atlantic_Dry,unique
6996,Atlantic_Dry,unique
6997,Atlantic_Dry,unique
7004,Bahia_Interior,unique
7005,Bahia_Interior,unique
7006,Bahia_Interior,unique
7007,Bahia_Interior,unique
7008,Bahia_Interior,unique
7009,Bahia_Interior,unique
7010,Bahia_Interior,unique
7011,Bahia_Interior,unique
7012,Bahia_Interior,unique
7013,Bahia_Interior,unique
7014,Bahia_Interior,unique
7015,Bahia_Interior,unique
7016,Bahia_Interior,unique
7017,Bahia_Interior,unique
7018,Bahia_Interior,unique
7019,Bahia_Interior,unique
7020,Bahia_Interior,unique
7021,Alto_Parana,dup
7021,Bahia_Interior,dup
7021,Serra_do_Mar,dup
7022,Alto_Parana,dup
7022,Bahia_Interior,dup
7022,Serra_do_Mar,dup
7023,Serra_do_Mar,unique
7024,Mangroves,dup
7024,Serra_do_Mar,dup
7025,Serra_do_Mar,unique
7092,Atlantic_Dry,unique
7093,Atlantic_Dry,unique
7100,Atlantic_Dry,unique
7101,Atlantic_Dry,unique
7102,Atlantic_Dry,unique
7109,Atlantic_Dry,unique
7110,Atlantic_Dry,unique
7111,Atlantic_Dry,unique
7112,Atlantic_Dry,unique
7113,Atlantic_Dry,unique
7115,Atlantic_Dry,unique
7116,Atlantic_Dry,unique
7128,Bahia_Interior,unique
7129,Bahia_Interior,unique
7130,Bahia_Interior,unique
7131,Bahia_Interior,unique
7132,Bahia_Interior,unique
7133,Bahia_Interior,unique
7134,Bahia_Interior,unique
7135,Bahia_Interior,unique
7136,Bahia_Interior,unique
7137,Bahia_Interior,unique
7138,Bahia_Interior,unique
7139,Bahia_Interior,unique
7140,Bahia_Interior,unique
7141,Bahia_Interior,unique
7142,Bahia_Interior,unique
7143,Bahia_Interior,unique
7144,Bahia_Interior,unique
7145,Alto_Parana,dup
7145,Bahia_Interior,dup
7145,Serra_do_Mar,dup
7146,Alto_Parana,dup
7146,Serra_do_Mar,dup
7147,Serra_do_Mar,unique
7148,Mangroves,dup
7148,Serra_do_Mar,dup
7149,Serra_do_Mar,unique
7216,Atlantic_Dry,unique
7223,Atlantic_Dry,unique
7224,Atlantic_Dry,unique
7225,Atlantic_Dry,unique
7233,Atlantic_Dry,unique
7234,Atlantic_Dry,unique
7235,Atlantic_Dry,unique
7236,Atlantic_Dry,unique
7237,Atlantic_Dry,unique
7238,Atlantic_Dry,unique
7239,Atlantic_Dry,unique
7241,Bahia_Interior,unique
7242,Bahia_Interior,unique
7243,Bahia_Interior,unique
7244,Bahia_Interior,unique
7245,Bahia_Interior,unique
7251,Bahia_Interior,unique
7252,Bahia_Interior,unique
7253,Bahia_Interior,unique
7254,Bahia_Interior,unique
7255,Bahia_Interior,unique
7256,Bahia_Interior,unique
7257,Bahia_Interior,unique
7258,Bahia_Interior,unique
7259,Bahia_Interior,unique
7260,Bahia_Interior,unique
7261,Bahia_Interior,unique
7262,Bahia_Interior,unique
7263,Bahia_Interior,unique
7264,Bahia_Interior,unique
7265,Bahia_Interior,unique
7266,Bahia_Interior,unique
7267,Bahia_Interior,unique
7268,Alto_Parana,dup
7268,Bahia_Interior,dup
7269,Alto_Parana,dup
7269,Bahia_Interior,dup
7269,Serra_do_Mar,dup
7270,Alto_Parana,dup
7270,Serra_do_Mar,dup
7271,Serra_do_Mar,unique
7272,Serra_do_Mar,unique
7273,Serra_do_Mar,unique
7345,Atlantic_Dry,unique
7346,Atlantic_Dry,unique
7347,Atlantic_Dry,unique
7358,Atlantic_Dry,unique
7359,Atlantic_Dry,unique
7360,Atlantic_Dry,unique
7361,Atlantic_Dry,unique
7362,Atlantic_Dry,unique
7363,Atlantic_Dry,unique
7365,Bahia_Interior,unique
7366,Bahia_Interior,unique
7367,Bahia_Interior,unique
7368,Bahia_Interior,unique
7369,Bahia_Interior,unique
7374,Bahia_Interior,unique
7375,Bahia_Interior,unique
7376,Bahia_Interior,unique
7377,Bahia_Interior,unique
7378,Bahia_Interior,unique
7379,Bahia_Interior,unique
7380,Bahia_Interior,unique
7381,Bahia_Interior,unique
7382,Bahia_Interior,unique
7383,Bahia_Interior,unique
7384,Bahia_Interior,unique
7385,Bahia_Interior,unique
7386,Bahia_Interior,unique
7387,Bahia_Interior,unique
7388,Bahia_Interior,unique
7389,Bahia_Interior,unique
7390,Bahia_Interior,unique
7391,Bahia_Interior,unique
7392,Alto_Parana,dup
7392,Bahia_Interior,dup
7393,Alto_Parana,unique
7394,Alto_Parana,dup
7394,Serra_do_Mar,dup
7395,Serra_do_Mar,unique
7396,Serra_do_Mar,unique
7397,Serra_do_Mar,unique
7483,Atlantic_Dry,unique
7484,Atlantic_Dry,unique
7485,Atlantic_Dry,unique
7490,Bahia_Interior,unique
7491,Bahia_Interior,unique
7492,Bahia_Interior,unique
7493,Bahia_Interior,unique
7494,Bahia_Interior,unique
7495,Bahia_Interior,unique
7496,Bahia_Interior,unique
7497,Bahia_Interior,unique
7498,Bahia_Interior,unique
7499,Bahia_Interior,unique
7500,Bahia_Interior,unique
7501,Bahia_Interior,unique
7502,Bahia_Interior,unique
7503,Bahia_Interior,unique
7504,Bahia_Interior,unique
7505,Bahia_Interior,unique
7506,Bahia_Interior,unique
7507,Bahia_Interior,unique
7508,Bahia_Interior,unique
7509,Bahia_Interior,unique
7510,Bahia_Interior,unique
7511,Bahia_Interior,unique
7512,Bahia_Interior,unique
7513,Bahia_Interior,unique
7514,Bahia_Interior,unique
7515,Bahia_Interior,unique
7516,Alto_Parana,dup
7516,Bahia_Interior,dup
7516,Serra_do_Mar,dup
7517,Alto_Parana,dup
7517,Serra_do_Mar,dup
7518,Alto_Parana,dup
7518,Serra_do_Mar,dup
7519,Serra_do_Mar,unique
7520,Serra_do_Mar,unique
7521,Serra_do_Mar,unique
7607,Atlantic_Dry,unique
7608,Atlantic_Dry,unique
7609,Atlantic_Dry,unique
7614,Bahia_Interior,unique
7615,Bahia_Interior,unique
7616,Bahia_Interior,unique
7617,Bahia_Interior,unique
7618,Bahia_Interior,unique
7619,Bahia_Interior,unique
7620,Bahia_Interior,unique
7621,Bahia_Interior,unique
7622,Bahia_Interior,unique
7623,Bahia_Interior,unique
7624,Bahia_Interior,unique
7625,Bahia_Interior,unique
7626,Bahia_Interior,unique
7627,Bahia_Interior,unique
7628,Bahia_Interior,unique
7629,Bahia_Interior,unique
7630,Bahia_Interior,unique
7631,Bahia_Interior,unique
7632,Bahia_Interior,unique
7633,Bahia_Interior,unique
7634,Bahia_Interior,unique
7635,Bahia_Interior,unique
7636,Bahia_Interior,unique
7637,Bahia_Interior,unique
7638,Bahia_Interior,unique
7639,Alto_Parana,dup
7639,Bahia_Interior,dup
7639,Serra_do_Mar,dup
7640,Alto_Parana,dup
7640,Bahia_Interior,dup
7640,Serra_do_Mar,dup
7641,Alto_Parana,dup
7641,Serra_do_Mar,dup
7642,Alto_Parana,dup
7642,Serra_do_Mar,dup
7643,Alto_Parana,dup
7643,Serra_do_Mar,dup
7644,Serra_do_Mar,unique
7645,Serra_do_Mar,unique
7731,Atlantic_Dry,unique
7732,Atlantic_Dry,unique
7733,Atlantic_Dry,unique
7737,Bahia_Interior,unique
7738,Bahia_Interior,unique
7739,Bahia_Interior,unique
7740,Bahia_Interior,unique
7741,Bahia_Interior,unique
7742,Bahia_Interior,unique
7743,Bahia_Interior,unique
7744,Bahia_Interior,unique
7745,Bahia_Interior,unique
7746,Bahia_Interior,unique
7747,Bahia_Interior,unique
7748,Bahia_Interior,unique
7749,Bahia_Interior,unique
7750,Bahia_Interior,unique
7751,Bahia_Interior,unique
7752,Bahia_Interior,unique
7753,Bahia_Interior,unique
7754,Bahia_Interior,unique
7755,Bahia_Interior,unique
7756,Bahia_Coastal,dup
7756,Bahia_Interior,dup
7757,Bahia_Coastal,dup
7757,Bahia_Interior,dup
7758,Bahia_Coastal,dup
7758,Bahia_Interior,dup
7759,Bahia_Coastal,dup
7759,Bahia_Interior,dup
7760,Bahia_Interior,unique
7761,Bahia_Interior,unique
7762,Bahia_Interior,unique
7763,Alto_Parana,dup
7763,Bahia_Interior,dup
7764,Alto_Parana,dup
7764,Bahia_Interior,dup
7764,Serra_do_Mar,dup
7765,Alto_Parana,dup
7765,Restingas,dup
7765,Serra_do_Mar,dup
7766,Alto_Parana,dup
7766,Restingas,dup
7767,Alto_Parana,dup
7767,Restingas,dup
7848,Atlantic_Dry,unique
7849,Atlantic_Dry,unique
7850,Atlantic_Dry,unique
7851,Atlantic_Dry,unique
7852,Atlantic_Dry,unique
7853,Atlantic_Dry,unique
7861,Bahia_Interior,unique
7862,Bahia_Interior,unique
7863,Bahia_Interior,unique
7864,Bahia_Interior,unique
7865,Bahia_Interior,unique
7866,Bahia_Interior,unique
7867,Bahia_Interior,unique
7868,Bahia_Interior,unique
7869,Bahia_Interior,unique
7870,Bahia_Coastal,dup
7870,Bahia_Interior,dup
7871,Bahia_Interior,unique
7872,Bahia_Coastal,dup
7872,Bahia_Interior,dup
7873,Bahia_Coastal,dup
7873,Bahia_Interior,dup
7874,Bahia_Interior,unique
7875,Bahia_Interior,unique
7876,Bahia_Coastal,dup
7876,Bahia_Interior,dup
7877,Bahia_Interior,unique
7878,Bahia_Interior,unique
7879,Bahia_Interior,unique
7880,Bahia_Coastal,dup
7880,Bahia_Interior,dup
7881,Bahia_Coastal,dup
7881,Bahia_Interior,dup
7882,Bahia_Coastal,unique
7883,Bahia_Coastal,dup
7883,Bahia_Interior,dup
7884,Bahia_Coastal,dup
7884,Bahia_Interior,dup
7885,Bahia_Coastal,dup
7885,Bahia_Interior,dup
7886,Bahia_Interior,unique
7887,Bahia_Interior,unique
7888,Alto_Parana,dup
7888,Bahia_Interior,dup
7889,Alto_Parana,dup
7889,Restingas,dup
7890,Restingas,unique
7972,Atlantic_Dry,unique
7973,Atlantic_Dry,unique
7974,Atlantic_Dry,unique
7975,Atlantic_Dry,unique
7976,Atlantic_Dry,unique
7977,Atlantic_Dry,unique
7978,Atlantic_Dry,unique
7979,Atlantic_Dry,unique
7984,Bahia_Interior,unique
7985,Bahia_Interior,unique
7986,Bahia_Interior,unique
7987,Bahia_Interior,unique
7988,Bahia_Interior,unique
7989,Bahia_Interior,unique
7990,Bahia_Interior,unique
7991,Bahia_Interior,unique
7992,Bahia_Coastal,dup
7992,Bahia_Interior,dup
7993,Bahia_Coastal,dup
7993,Bahia_Interior,dup
7994,Bahia_Coastal,dup
7994,Bahia_Interior,dup
7995,Bahia_Coastal,dup
7995,Bahia_Interior,dup
7996,Bahia_Coastal,dup
7996,Bahia_Interior,dup
7997,Bahia_Coastal,dup
7997,Bahia_Interior,dup
7998,Bahia_Coastal,dup
7998,Bahia_Interior,dup
7999,Bahia_Coastal,dup
7999,Bahia_Interior,dup
8000,Bahia_Coastal,dup
8000,Bahia_Interior,dup
8001,Bahia_Coastal,dup
8001,Bahia_Interior,dup
8002,Bahia_Interior,unique
8003,Bahia_Interior,unique
8004,Bahia_Coastal,dup
8004,Bahia_Interior,dup
8005,Bahia_Coastal,dup
8005,Bahia_Interior,dup
8006,Bahia_Coastal,unique
8007,Bahia_Coastal,dup
8007,Bahia_Interior,dup
8008,Bahia_Coastal,dup
8008,Bahia_Interior,dup
8009,Bahia_Coastal,dup
8009,Bahia_Interior,dup
8010,Bahia_Interior,unique
8011,Bahia_Interior,dup
8011,Mangroves,dup
8011,Restingas,dup
8012,Alto_Parana,dup
8012,Bahia_Interior,dup
8012,Mangroves,dup
8012,Restingas,dup
8013,Alto_Parana,dup
8013,Restingas,dup
8014,Alto_Parana,dup
8014,Restingas,dup
8094,Atlantic_Dry,unique
8095,Atlantic_Dry,unique
8096,Atlantic_Dry,unique
8097,Atlantic_Dry,unique
8098,Atlantic_Dry,unique
8099,Atlantic_Dry,unique
8100,Atlantic_Dry,unique
8101,Atlantic_Dry,unique
8102,Atlantic_Dry,unique
8103,Atlantic_Dry,unique
8107,Bahia_Interior,unique
8108,Bahia_Interior,unique
8109,Bahia_Coastal,dup
8109,Bahia_Interior,dup
8110,Bahia_Coastal,dup
8110,Bahia_Interior,dup
8111,Bahia_Interior,unique
8112,Bahia_Coastal,dup
8112,Bahia_Interior,dup
8113,Bahia_Coastal,dup
8113,Bahia_Interior,dup
8114,Bahia_Interior,unique
8115,Bahia_Interior,unique
8116,Bahia_Coastal,dup
8116,Bahia_Interior,dup
8117,Bahia_Interior,unique
8118,Bahia_Interior,unique
8119,Bahia_Interior,unique
8120,Bahia_Interior,unique
8121,Bahia_Coastal,dup
8121,Bahia_Interior,dup
8122,Bahia_Coastal,dup
8122,Bahia_Interior,dup
8123,Bahia_Coastal,dup
8123,Bahia_Interior,dup
8124,Bahia_Coastal,dup
8124,Bahia_Interior,dup
8125,Bahia_Coastal,dup
8125,Bahia_Interior,dup
8126,Bahia_Coastal,dup
8126,Bahia_Interior,dup
8127,Bahia_Coastal,dup
8127,Bahia_Interior,dup
8128,Bahia_Coastal,dup
8128,Bahia_Interior,dup
8129,Bahia_Coastal,dup
8129,Bahia_Interior,dup
8130,Bahia_Coastal,unique
8131,Bahia_Coastal,unique
8132,Bahia_Coastal,dup
8132,Bahia_Interior,dup
8133,Bahia_Interior,unique
8134,Bahia_Interior,unique
8135,Bahia_Interior,dup
8135,Restingas,dup
8136,Alto_Parana,dup
8136,Mangroves,dup
8136,Restingas,dup
8137,Alto_Parana,dup
8137,Restingas,dup
8185,Mangroves,unique
8217,Atlantic_Dry,unique
8218,Atlantic_Dry,unique
8219,Atlantic_Dry,unique
8220,Atlantic_Dry,unique
8221,Atlantic_Dry,unique
8222,Atlantic_Dry,unique
8223,Atlantic_Dry,unique
8224,Atlantic_Dry,unique
8227,Bahia_Interior,unique
8231,Bahia_Interior,unique
8232,Bahia_Coastal,dup
8232,Bahia_Interior,dup
8233,Bahia_Coastal,dup
8233,Bahia_Interior,dup
8234,Bahia_Coastal,dup
8234,Bahia_Interior,dup
8235,Bahia_Coastal,dup
8235,Bahia_Interior,dup
8236,Bahia_Coastal,dup
8236,Bahia_Interior,dup
8237,Bahia_Coastal,dup
8237,Bahia_Interior,dup
8238,Bahia_Interior,unique
8239,Bahia_Interior,unique
8240,Bahia_Interior,unique
8241,Bahia_Interior,unique
8242,Bahia_Interior,unique
8243,Bahia_Coastal,dup
8243,Bahia_Interior,dup
8244,Bahia_Coastal,dup
8244,Bahia_Interior,dup
8245,Bahia_Coastal,dup
8245,Bahia_Interior,dup
8246,Bahia_Coastal,unique
8247,Bahia_Coastal,unique
8248,Bahia_Coastal,dup
8248,Bahia_Interior,dup
8249,Bahia_Coastal,dup
8249,Bahia_Interior,dup
8250,Bahia_Coastal,dup
8250,Bahia_Interior,dup
8251,Bahia_Coastal,dup
8251,Bahia_Interior,dup
8252,Bahia_Coastal,dup
8252,Bahia_Interior,dup
8253,Bahia_Coastal,unique
8254,Bahia_Coastal,unique
8255,Bahia_Coastal,unique
8256,Bahia_Coastal,dup
8256,Bahia_Interior,dup
8257,Bahia_Coastal,dup
8257,Bahia_Interior,dup
8341,Atlantic_Dry,unique
8342,Atlantic_Dry,unique
8343,Atlantic_Dry,unique
8344,Atlantic_Dry,unique
8345,Atlantic_Dry,unique
8346,Atlantic_Dry,unique
8347,Atlantic_Dry,unique
8348,Atlantic_Dry,unique
8350,Bahia_Interior,unique
8351,Bahia_Interior,unique
8352,Bahia_Interior,unique
8354,Bahia_Interior,unique
8355,Bahia_Coastal,dup
8355,Bahia_Interior,dup
8356,Bahia_Coastal,dup
8356,Bahia_Interior,dup
8357,Bahia_Coastal,dup
8357,Bahia_Interior,dup
8358,Bahia_Coastal,dup
8358,Bahia_Interior,dup
8359,Bahia_Coastal,dup
8359,Bahia_Interior,dup
8360,Bahia_Coastal,dup
8360,Bahia_Interior,dup
8361,Bahia_Interior,unique
8362,Bahia_Interior,unique
8363,Bahia_Interior,unique
8364,Bahia_Interior,unique
8365,Bahia_Interior,unique
8366,Bahia_Coastal,dup
8366,Bahia_Interior,dup
8367,Bahia_Coastal,dup
8367,Bahia_Interior,dup
8368,Bahia_Coastal,unique
8369,Bahia_Coastal,unique
8370,Bahia_Coastal,unique
8371,Bahia_Coastal,unique
8372,Bahia_Coastal,unique
8373,Bahia_Coastal,unique
8374,Bahia_Coastal,unique
8375,Bahia_Coastal,dup
8375,Bahia_Interior,dup
8376,Bahia_Coastal,unique
8377,Bahia_Coastal,unique
8378,Bahia_Coastal,dup
8378,Mangroves,dup
8379,Bahia_Coastal,unique
8380,Bahia_Coastal,unique
8465,Atlantic_Dry,unique
8468,Atlantic_Dry,unique
8469,Atlantic_Dry,unique
8473,Bahia_Interior,unique
8474,Bahia_Interior,unique
8475,Bahia_Interior,unique
8476,Bahia_Interior,unique
8477,Bahia_Coastal,dup
8477,Bahia_Interior,dup
8478,Bahia_Coastal,dup
8478,Bahia_Interior,dup
8479,Bahia_Coastal,dup
8479,Bahia_Interior,dup
8480,Bahia_Coastal,unique
8481,Bahia_Coastal,dup
8481,Bahia_Interior,dup
8482,Bahia_Interior,unique
8483,Bahia_Interior,unique
8484,Bahia_Interior,unique
8485,Bahia_Interior,unique
8486,Bahia_Coastal,dup
8486,Bahia_Interior,dup
8487,Bahia_Coastal,dup
8487,Bahia_Interior,dup
8488,Bahia_Coastal,dup
8488,Bahia_Interior,dup
8489,Bahia_Coastal,dup
8489,Bahia_Interior,dup
8490,Bahia_Coastal,dup
8490,Bahia_Interior,dup
8491,Bahia_Coastal,unique
8492,Bahia_Coastal,unique
8493,Bahia_Coastal,unique
8494,Bahia_Coastal,unique
8495,Bahia_Coastal,unique
8496,Bahia_Coastal,unique
8497,Bahia_Coastal,unique
8498,Bahia_Coastal,unique
8499,Bahia_Coastal,unique
8500,Bahia_Coastal,unique
8501,Bahia_Coastal,unique
8502,Bahia_Coastal,dup
8502,Mangroves,dup
8503,Bahia_Coastal,unique
8597,Bahia_Interior,unique
8598,Bahia_Interior,unique
8599,Bahia_Coastal,dup
8599,Bahia_Interior,dup
8600,Bahia_Coastal,dup
8600,Bahia_Interior,dup
8601,Bahia_Coastal,dup
8601,Bahia_Interior,dup
8602,Bahia_Coastal,dup
8602,Bahia_Interior,dup
8603,Bahia_Coastal,dup
8603,Bahia_Interior,dup
8604,Bahia_Coastal,dup
8604,Bahia_Interior,dup
8605,Bahia_Coastal,dup
8605,Bahia_Interior,dup
8606,Bahia_Coastal,dup
8606,Bahia_Interior,dup
8607,Bahia_Coastal,dup
8607,Bahia_Interior,dup
8608,Bahia_Interior,unique
8609,Bahia_Coastal,dup
8609,Bahia_Interior,dup
8610,Bahia_Coastal,dup
8610,Bahia_Interior,dup
8611,Bahia_Coastal,dup
8611,Bahia_Interior,dup
8612,Bahia_Coastal,dup
8612,Bahia_Interior,dup
8613,Bahia_Coastal,dup
8613,Bahia_Interior,dup
8614,Bahia_Coastal,unique
8615,Bahia_Coastal,unique
8616,Bahia_Coastal,unique
8617,Bahia_Coastal,unique
8618,Bahia_Coastal,unique
8619,Bahia_Coastal,dup
8619,Mangroves,dup
8620,Bahia_Coastal,dup
8620,Mangroves,dup
8621,Bahia_Coastal,dup
8621,Mangroves,dup
8622,Bahia_Coastal,dup
8622,Mangroves,dup
8623,Bahia_Coastal,dup
8623,Mangroves,dup
8624,Bahia_Coastal,unique
8720,Bahia_Interior,unique
8721,Bahia_Coastal,dup
8721,Bahia_Interior,dup
8722,Bahia_Coastal,dup
8722,Bahia_Interior,dup
8723,Bahia_Coastal,dup
8723,Bahia_Interior,dup
8724,Bahia_Coastal,unique
8725,Bahia_Coastal,dup
8725,Bahia_Interior,dup
8726,Bahia_Coastal,dup
8726,Bahia_Interior,dup
8727,Bahia_Coastal,dup
8727,Bahia_Interior,dup
8728,Bahia_Coastal,dup
8728,Bahia_Interior,dup
8729,Bahia_Coastal,dup
8729,Bahia_Interior,dup
8730,Bahia_Coastal,dup
8730,Bahia_Interior,dup
8731,Bahia_Coastal,dup
8731,Bahia_Interior,dup
8732,Bahia_Coastal,dup
8732,Bahia_Interior,dup
8733,Bahia_Coastal,dup
8733,Bahia_Interior,dup
8734,Bahia_Coastal,unique
8735,Bahia_Coastal,unique
8736,Bahia_Coastal,unique
8737,Bahia_Coastal,unique
8738,Bahia_Coastal,unique
8739,Bahia_Coastal,unique
8740,Bahia_Coastal,unique
8741,Bahia_Coastal,unique
8742,Bahia_Coastal,unique
8743,Bahia_Coastal,dup
8743,Mangroves,dup
8744,Mangroves,unique
8745,Mangroves,unique
8746,Mangroves,dup
8746,Restingas,dup
8747,Bahia_Coastal,dup
8747,Mangroves,dup
8747,Restingas,dup
8748,Bahia_Coastal,unique
8841,Bahia_Interior,unique
8842,Bahia_Interior,unique
8843,Bahia_Interior,unique
8844,Bahia_Interior,unique
8845,Bahia_Coastal,dup
8845,Bahia_Interior,dup
8846,Bahia_Coastal,dup
8846,Bahia_Interior,dup
8847,Bahia_Coastal,unique
8848,Bahia_Coastal,unique
8849,Bahia_Coastal,unique
8850,Bahia_Coastal,unique
8851,Bahia_Coastal,unique
8852,Bahia_Coastal,dup
8852,Bahia_Interior,dup
8853,Bahia_Coastal,dup
8853,Bahia_Interior,dup
8854,Bahia_Coastal,unique
8855,Bahia_Coastal,unique
8856,Bahia_Coastal,unique
8857,Bahia_Coastal,dup
8857,Bahia_Interior,dup
8858,Bahia_Coastal,unique
8859,Bahia_Coastal,unique
8860,Bahia_Coastal,unique
8861,Bahia_Coastal,unique
8862,Bahia_Coastal,unique
8863,Bahia_Coastal,dup
8863,Mangroves,dup
8864,Bahia_Coastal,dup
8864,Mangroves,dup
8865,Bahia_Coastal,dup
8865,Mangroves,dup
8965,Bahia_Interior,unique
8966,Bahia_Interior,unique
8967,Bahia_Interior,unique
8968,Bahia_Coastal,dup
8968,Bahia_Interior,dup
8969,Bahia_Coastal,dup
8969,Bahia_Interior,dup
8970,Bahia_Coastal,dup
8970,Restingas,dup
8971,Bahia_Coastal,dup
8971,Restingas,dup
8972,Bahia_Coastal,dup
8972,Mangroves,dup
8973,Bahia_Coastal,dup
8973,Mangroves,dup
8974,Bahia_Coastal,unique
8975,Bahia_Coastal,unique
8976,Bahia_Coastal,unique
8977,Bahia_Coastal,unique
8978,Bahia_Coastal,unique
8979,Bahia_Coastal,unique
8980,Bahia_Coastal,unique
8981,Bahia_Coastal,dup
8981,Restingas,dup
8982,Bahia_Coastal,dup
8982,Restingas,dup
8983,Bahia_Coastal,unique
8984,Bahia_Coastal,unique
8985,Bahia_Coastal,unique
8986,Bahia_Coastal,unique
8987,Bahia_Coastal,dup
8987,Mangroves,dup
8988,Bahia_Coastal,dup
8988,Mangroves,dup
8989,Mangroves,unique
9087,Bahia_Interior,unique
9088,Bahia_Interior,unique
9089,Bahia_Interior,unique
9090,Bahia_Interior,unique
9091,Bahia_Coastal,dup
9091,Bahia_Interior,dup
9092,Bahia_Coastal,dup
9092,Bahia_Interior,dup
9092,Mangroves,dup
9093,Bahia_Coastal,dup
9093,Mangroves,dup
9094,Bahia_Coastal,dup
9094,Mangroves,dup
9094,Restingas,dup
9095,Bahia_Coastal,dup
9095,Mangroves,dup
9095,Restingas,dup
9096,Bahia_Coastal,dup
9096,Mangroves,dup
9097,Bahia_Coastal,dup
9097,Mangroves,dup
9097,Restingas,dup
9098,Bahia_Coastal,dup
9098,Restingas,dup
9099,Bahia_Coastal,unique
9100,Bahia_Coastal,unique
9101,Bahia_Coastal,unique
9102,Bahia_Coastal,unique
9103,Bahia_Coastal,dup
9103,Restingas,dup
9104,Bahia_Coastal,dup
9104,Mangroves,dup
9104,Restingas,dup
9105,Bahia_Coastal,dup
9105,Mangroves,dup
9105,Restingas,dup
9106,Bahia_Coastal,dup
9106,Restingas,dup
9107,Bahia_Coastal,unique
9212,Bahia_Interior,unique
9213,Bahia_Interior,unique
9214,Bahia_Coastal,dup
9214,Bahia_Interior,dup
9215,Bahia_Coastal,dup
9215,Bahia_Interior,dup
9215,Mangroves,dup
9216,Bahia_Coastal,dup
9216,Mangroves,dup
9217,Bahia_Coastal,dup
9217,Mangroves,dup
9218,Bahia_Coastal,dup
9218,Mangroves,dup
9336,Bahia_Interior,unique
9337,Bahia_Interior,unique
9338,Bahia_Coastal,dup
9338,Bahia_Interior,dup
9339,Bahia_Coastal,unique
9340,Bahia_Coastal,dup
9340,Mangroves,dup
9340,Restingas,dup
9341,Bahia_Coastal,dup
9341,Restingas,dup
9460,Bahia_Interior,unique
9461,Bahia_Coastal,dup
9461,Bahia_Interior,dup
9462,Bahia_Coastal,dup
9462,Bahia_Interior,dup
9463,Bahia_Coastal,dup
9463,Restingas,dup
9464,Bahia_Coastal,dup
9464,Restingas,dup
9465,Restingas,unique
9582,Pernambuco_Interior,unique
9583,Pernambuco_Interior,unique
9584,Bahia_Interior,unique
9585,Bahia_Coastal,dup
9585,Bahia_Interior,dup
9586,Bahia_Coastal,unique
9587,Bahia_Coastal,dup
9587,Restingas,dup
9588,Restingas,unique
9705,Pernambuco_Interior,unique
9706,Pernambuco_Interior,unique
9707,Pernambuco_Interior,unique
9708,Bahia_Interior,dup
9708,Pernambuco_Interior,dup
9709,Bahia_Coastal,dup
9709,Bahia_Interior,dup
9710,Bahia_Coastal,unique
9826,Pernambuco_Interior,unique
9827,Pernambuco_Interior,unique
9829,Pernambuco_Interior,unique
9830,Pernambuco_Interior,unique
9831,Pernambuco_Interior,unique
9832,Pernambuco_Interior,unique
9929,Mangroves,unique
9950,Pernambuco_Interior,unique
9951,Pernambuco_Interior,unique
9952,Mangroves,dup
9952,Pernambuco_Interior,dup
9953,Mangroves,dup
9953,Pernambuco_Interior,dup
9954,Mangroves,dup
9954,Pernambuco_Interior,dup
10053,Mangroves,unique
10054,Mangroves,unique
10065,Pernambuco_Interior,unique
10074,Pernambuco_Interior,unique
10075,Mangroves,dup
10075,Pernambuco_Interior,dup
10076,Mangroves,dup
10076,Pernambuco_Interior,dup
10077,Mangroves,unique
10177,Mangroves,unique
10178,Mangroves,unique
10188,Pernambuco_Interior,unique
10189,Pernambuco_Interior,unique
10192,Pernambuco_Interior,unique
10193,Pernambuco_Interior,unique
10194,Pernambuco_Interior,unique
10198,Pernambuco_Interior,unique
10199,Mangroves,dup
10199,Pernambuco_Interior,dup
10200,Mangroves,unique
10312,Pernambuco_Interior,unique
10313,Pernambuco_Interior,unique
10316,Pernambuco_Interior,unique
10317,Pernambuco_Interior,unique
10318,Pernambuco_Interior,unique
10319,Pernambuco_Coastal,dup
10319,Pernambuco_Interior,dup
10320,Pernambuco_Coastal,unique
10323,Mangroves,unique
10437,Pernambuco_Interior,unique
10439,Pernambuco_Interior,unique
10440,Pernambuco_Interior,unique
10441,Pernambuco_Interior,unique
10442,Pernambuco_Coastal,dup
10442,Pernambuco_Interior,dup
10443,Pernambuco_Coastal,dup
10443,Pernambuco_Interior,dup
10444,Pernambuco_Coastal,unique
10445,Pernambuco_Coastal,unique
10557,Pernambuco_Coastal,unique
10558,Pernambuco_Coastal,unique
10561,Pernambuco_Coastal,dup
10561,Pernambuco_Interior,dup
10562,Pernambuco_Coastal,unique
10563,Pernambuco_Interior,unique
10564,Pernambuco_Coastal,dup
10564,Pernambuco_Interior,dup
10565,Pernambuco_Coastal,dup
10565,Pernambuco_Interior,dup
10566,Pernambuco_Coastal,dup
10566,Pernambuco_Interior,dup
10567,Mangroves,dup
10567,Pernambuco_Coastal,dup
10568,Mangroves,dup
10568,Pernambuco_Coastal,dup
10569,Mangroves,dup
10569,Pernambuco_Coastal,dup
10674,Restingas,unique
10680,Pernambuco_Coastal,unique
10681,Pernambuco_Coastal,unique
10682,Pernambuco_Coastal,unique
10685,Pernambuco_Coastal,dup
10685,Pernambuco_Interior,dup
10686,Pernambuco_Coastal,dup
10686,Pernambuco_Interior,dup
10687,Pernambuco_Coastal,dup
10687,Pernambuco_Interior,dup
10688,Pernambuco_Coastal,dup
10688,Pernambuco_Interior,dup
10689,Pernambuco_Coastal,unique
10690,Pernambuco_Coastal,unique
10691,Mangroves,dup
10691,Pernambuco_Coastal,dup
10692,Mangroves,dup
10692,Pernambuco_Coastal,dup
10798,Restingas,unique
10799,Restingas,unique
10800,Pernambuco_Interior,dup
10800,Restingas,dup
10801,Pernambuco_Interior,unique
10804,Pernambuco_Coastal,unique
10805,Pernambuco_Interior,unique
10806,Pernambuco_Interior,unique
10807,Pernambuco_Coastal,dup
10807,Pernambuco_Interior,dup
10808,Pernambuco_Interior,unique
10809,Pernambuco_Interior,unique
10810,Pernambuco_Coastal,dup
10810,Pernambuco_Interior,dup
10811,Pernambuco_Coastal,dup
10811,Pernambuco_Interior,dup
10812,Pernambuco_Coastal,unique
10813,Pernambuco_Coastal,unique
10814,Pernambuco_Coastal,unique
10815,Pernambuco_Coastal,unique
10923,Restingas,unique
10924,Pernambuco_Interior,dup
10924,Restingas,dup
10925,Pernambuco_Interior,dup
10925,Restingas,dup
10926,Pernambuco_Interior,dup
10926,Restingas,dup
10927,Pernambuco_Interior,unique
10928,Mangroves,dup
10928,Pernambuco_Interior,dup
10929,Pernambuco_Interior,unique
10930,Pernambuco_Interior,unique
10931,Pernambuco_Coastal,dup
10931,Pernambuco_Interior,dup
10932,Pernambuco_Coastal,dup
10932,Pernambuco_Interior,dup
10933,Pernambuco_Coastal,dup
10933,Pernambuco_Interior,dup
10934,Mangroves,dup
10934,Pernambuco_Coastal,dup
10934,Pernambuco_Interior,dup
10935,Mangroves,dup
10935,Pernambuco_Coastal,dup
10936,Pernambuco_Coastal,unique
10937,Pernambuco_Coastal,unique
10938,Pernambuco_Coastal,unique
11050,Restingas,unique
11051,Pernambuco_Interior,unique
11052,Mangroves,dup
11052,Pernambuco_Interior,dup
11053,Mangroves,dup
11053,Pernambuco_Interior,dup
11054,Mangroves,dup
11054,Pernambuco_Interior,dup
11055,Mangroves,dup
11055,Pernambuco_Coastal,dup
11055,Pernambuco_Interior,dup
11056,Mangroves,dup
11056,Pernambuco_Coastal,dup
11056,Pernambuco_Interior,dup
11057,Mangroves,dup
11057,Pernambuco_Coastal,dup
11058,Mangroves,dup
11058,Pernambuco_Coastal,dup
11059,Mangroves,dup
11059,Pernambuco_Coastal,dup
11060,Pernambuco_Coastal,unique
11178,Pernambuco_Interior,unique
